id,name,age
,User_2001,37
2002.0,User_2002,-1
2003.0,User_2003,15
2004.0,User_2004,66
2005.0,User_2005,91
2006.0,User_2006,33
2007.0,User_2007,75
2008.0,User_2008,55
2009.0,User_2009,22
2010.0,User_2010,19
2011.0,User_2011,25
2012.0,User_2012,34
2013.0,User_2013,25
2014.0,User_2014,74
2015.0,User_2015,82
2016.0,User_2016,81
2017.0,User_2017,71
2018.0,User_2018,94
2019.0,User_2019,95
2020.0,User_2020,48
2021.0,User_2021,73
2022.0,User_2022,49
2023.0,User_2023,52
2024.0,User_2024,12
2025.0,User_2025,58
2026.0,User_2026,46
2027.0,User_2027,40
2028.0,User_2028,10
2029.0,User_2029,22
2030.0,User_2030,19
2031.0,User_2031,49
2032.0,User_2032,53
2033.0,User_2033,73
2034.0,User_2034,70
2035.0,User_2035,70
2036.0,User_2036,58
2037.0,User_2037,65
2038.0,User_2038,75
2039.0,User_2039,28
2040.0,User_2040,42
2041.0,User_2041,22
2042.0,User_2042,25
2043.0,User_2043,66
2044.0,User_2044,72
2045.0,User_2045,22
2046.0,User_2046,84
2047.0,User_2047,11
2048.0,User_2048,25
2049.0,User_2049,20
2050.0,User_2050,71
2051.0,User_2051,67
2052.0,User_2052,36
2053.0,User_2053,12
2054.0,User_2054,95
2055.0,User_2055,24
2056.0,User_2056,74
2057.0,User_2057,22
2058.0,User_2058,87
2059.0,User_2059,23
2060.0,User_2060,16
2061.0,User_2061,37
2062.0,User_2062,56
2063.0,User_2063,13
2064.0,User_2064,66
2065.0,User_2065,71
2066.0,User_2066,92
2067.0,User_2067,89
2068.0,User_2068,20
2069.0,User_2069,45
2070.0,User_2070,88
2071.0,User_2071,50
2072.0,User_2072,83
2073.0,User_2073,32
2074.0,User_2074,62
2075.0,User_2075,41
2076.0,User_2076,83
2077.0,User_2077,85
2078.0,User_2078,29
2079.0,User_2079,66
2080.0,User_2080,88
2081.0,User_2081,72
2082.0,User_2082,54
2083.0,User_2083,20
2084.0,User_2084,26
2085.0,User_2085,28
2086.0,User_2086,86
2087.0,User_2087,45
2088.0,User_2088,10
2089.0,User_2089,50
2090.0,User_2090,92
2091.0,User_2091,26
2092.0,User_2092,59
2093.0,User_2093,68
2094.0,User_2094,95
2095.0,User_2095,19
2096.0,User_2096,84
2097.0,User_2097,83
2098.0,User_2098,22
2099.0,User_2099,62
2100.0,User_2100,21
2101.0,User_2101,31
2102.0,User_2102,60
2103.0,User_2103,34
2104.0,User_2104,56
2105.0,User_2105,64
2106.0,User_2106,22
2107.0,User_2107,74
2108.0,User_2108,84
2109.0,User_2109,80
2110.0,User_2110,51
2111.0,User_2111,82
2112.0,User_2112,91
2113.0,User_2113,45
2114.0,User_2114,92
2115.0,User_2115,53
2116.0,User_2116,31
2117.0,User_2117,62
2118.0,User_2118,43
2119.0,User_2119,39
2120.0,User_2120,43
2121.0,User_2121,72
2122.0,User_2122,16
2123.0,User_2123,91
2124.0,User_2124,60
2125.0,User_2125,60
2126.0,User_2126,41
2127.0,User_2127,24
2128.0,User_2128,17
2129.0,User_2129,84
2130.0,User_2130,19
2131.0,User_2131,65
2132.0,User_2132,76
2133.0,User_2133,54
2134.0,User_2134,69
2135.0,User_2135,37
2136.0,User_2136,84
2137.0,User_2137,57
2138.0,User_2138,36
2139.0,User_2139,17
2140.0,User_2140,49
2141.0,User_2141,76
2142.0,User_2142,57
2143.0,User_2143,57
2144.0,User_2144,36
2145.0,User_2145,77
2146.0,User_2146,87
2147.0,User_2147,56
2148.0,User_2148,84
2149.0,User_2149,15
2150.0,User_2150,62
2151.0,User_2151,30
2152.0,User_2152,20
2153.0,User_2153,74
2154.0,User_2154,72
2155.0,User_2155,69
2156.0,User_2156,23
2157.0,User_2157,43
2158.0,User_2158,37
2159.0,User_2159,34
2160.0,User_2160,77
2161.0,User_2161,53
2162.0,User_2162,64
2163.0,User_2163,41
2164.0,User_2164,19
2165.0,User_2165,35
2166.0,User_2166,11
2167.0,User_2167,93
2168.0,User_2168,12
2169.0,User_2169,52
2170.0,User_2170,55
2171.0,User_2171,87
2172.0,User_2172,52
2173.0,User_2173,45
2174.0,User_2174,38
2175.0,User_2175,85
2176.0,User_2176,49
2177.0,User_2177,67
2178.0,User_2178,24
2179.0,User_2179,30
2180.0,User_2180,58
2181.0,User_2181,31
2182.0,User_2182,53
2183.0,User_2183,67
2184.0,User_2184,80
2185.0,User_2185,48
2186.0,User_2186,64
2187.0,User_2187,85
2188.0,User_2188,19
2189.0,User_2189,32
2190.0,User_2190,19
2191.0,User_2191,35
2192.0,User_2192,36
2193.0,User_2193,71
2194.0,User_2194,24
2195.0,User_2195,71
2196.0,User_2196,54
2197.0,User_2197,48
2198.0,User_2198,94
2199.0,User_2199,72
2200.0,User_2200,78
2201.0,User_2201,28
2202.0,User_2202,51
2203.0,User_2203,95
2204.0,User_2204,32
2205.0,User_2205,73
2206.0,User_2206,43
2207.0,User_2207,17
2208.0,User_2208,79
2209.0,User_2209,47
2210.0,User_2210,10
2211.0,User_2211,22
2212.0,User_2212,43
2213.0,User_2213,49
2214.0,User_2214,52
2215.0,User_2215,11
2216.0,User_2216,51
2217.0,User_2217,74
2218.0,User_2218,84
2219.0,User_2219,55
2220.0,User_2220,26
2221.0,User_2221,17
2222.0,User_2222,69
2223.0,User_2223,72
2224.0,User_2224,44
2225.0,User_2225,74
2226.0,User_2226,57
2227.0,User_2227,50
2228.0,User_2228,22
2229.0,User_2229,48
2230.0,User_2230,64
2231.0,User_2231,23
2232.0,User_2232,28
2233.0,User_2233,49
2234.0,User_2234,12
2235.0,User_2235,39
2236.0,User_2236,53
2237.0,User_2237,42
2238.0,User_2238,92
2239.0,User_2239,13
2240.0,User_2240,21
2241.0,User_2241,62
2242.0,User_2242,51
2243.0,User_2243,77
2244.0,User_2244,85
2245.0,User_2245,12
2246.0,User_2246,55
2247.0,User_2247,14
2248.0,User_2248,87
2249.0,User_2249,25
2250.0,User_2250,16
2251.0,User_2251,35
2252.0,User_2252,46
2253.0,User_2253,12
2254.0,User_2254,52
2255.0,User_2255,73
2256.0,User_2256,54
2257.0,User_2257,91
2258.0,User_2258,14
2259.0,User_2259,23
2260.0,User_2260,60
2261.0,User_2261,32
2262.0,User_2262,42
2263.0,User_2263,69
2264.0,User_2264,12
2265.0,User_2265,81
2266.0,User_2266,90
2267.0,User_2267,35
2268.0,User_2268,44
2269.0,User_2269,63
2270.0,User_2270,51
2271.0,User_2271,69
2272.0,User_2272,34
2273.0,User_2273,57
2274.0,User_2274,52
2275.0,User_2275,20
2276.0,User_2276,63
2277.0,User_2277,87
2278.0,User_2278,51
2279.0,User_2279,38
2280.0,User_2280,64
2281.0,User_2281,50
2282.0,User_2282,20
2283.0,User_2283,72
2284.0,User_2284,19
2285.0,User_2285,81
2286.0,User_2286,20
2287.0,User_2287,93
2288.0,User_2288,95
2289.0,User_2289,68
2290.0,User_2290,59
2291.0,User_2291,66
2292.0,User_2292,11
2293.0,User_2293,30
2294.0,User_2294,90
2295.0,User_2295,57
2296.0,User_2296,64
2297.0,User_2297,74
2298.0,User_2298,30
2299.0,User_2299,66
2300.0,User_2300,61
2301.0,User_2301,46
2302.0,User_2302,24
2303.0,User_2303,35
2304.0,User_2304,87
2305.0,User_2305,67
2306.0,User_2306,17
2307.0,User_2307,35
2308.0,User_2308,57
2309.0,User_2309,85
2310.0,User_2310,35
2311.0,User_2311,62
2312.0,User_2312,86
2313.0,User_2313,91
2314.0,User_2314,78
2315.0,User_2315,40
2316.0,User_2316,81
2317.0,User_2317,29
2318.0,User_2318,40
2319.0,User_2319,40
2320.0,User_2320,82
2321.0,User_2321,72
2322.0,User_2322,79
2323.0,User_2323,85
2324.0,User_2324,46
2325.0,User_2325,77
2326.0,User_2326,33
2327.0,User_2327,83
2328.0,User_2328,41
2329.0,User_2329,30
2330.0,User_2330,44
2331.0,User_2331,25
2332.0,User_2332,18
2333.0,User_2333,71
2334.0,User_2334,48
2335.0,User_2335,37
2336.0,User_2336,81
2337.0,User_2337,42
2338.0,User_2338,41
2339.0,User_2339,41
2340.0,User_2340,41
2341.0,User_2341,73
2342.0,User_2342,41
2343.0,User_2343,68
2344.0,User_2344,83
2345.0,User_2345,76
2346.0,User_2346,10
2347.0,User_2347,72
2348.0,User_2348,35
2349.0,User_2349,90
2350.0,User_2350,17
2351.0,User_2351,63
2352.0,User_2352,69
2353.0,User_2353,47
2354.0,User_2354,13
2355.0,User_2355,73
2356.0,User_2356,27
2357.0,User_2357,39
2358.0,User_2358,90
2359.0,User_2359,94
2360.0,User_2360,64
2361.0,User_2361,67
2362.0,User_2362,74
2363.0,User_2363,10
2364.0,User_2364,87
2365.0,User_2365,46
2366.0,User_2366,45
2367.0,User_2367,67
2368.0,User_2368,71
2369.0,User_2369,61
2370.0,User_2370,78
2371.0,User_2371,69
2372.0,User_2372,44
2373.0,User_2373,93
2374.0,User_2374,27
2375.0,User_2375,55
2376.0,User_2376,63
2377.0,User_2377,60
2378.0,User_2378,32
2379.0,User_2379,75
2380.0,User_2380,13
2381.0,User_2381,38
2382.0,User_2382,18
2383.0,User_2383,37
2384.0,User_2384,43
2385.0,User_2385,12
2386.0,User_2386,77
2387.0,User_2387,48
2388.0,User_2388,53
2389.0,User_2389,85
2390.0,User_2390,40
2391.0,User_2391,27
2392.0,User_2392,33
2393.0,User_2393,16
2394.0,User_2394,27
2395.0,User_2395,70
2396.0,User_2396,35
2397.0,User_2397,88
2398.0,User_2398,68
2399.0,User_2399,17
2400.0,User_2400,54
2401.0,User_2401,42
2402.0,User_2402,58
2403.0,User_2403,20
2404.0,User_2404,88
2405.0,User_2405,21
2406.0,User_2406,72
2407.0,User_2407,44
2408.0,User_2408,93
2409.0,User_2409,35
2410.0,User_2410,29
2411.0,User_2411,69
2412.0,User_2412,46
2413.0,User_2413,12
2414.0,User_2414,35
2415.0,User_2415,79
2416.0,User_2416,75
2417.0,User_2417,94
2418.0,User_2418,25
2419.0,User_2419,90
2420.0,User_2420,33
2421.0,User_2421,77
2422.0,User_2422,54
2423.0,User_2423,61
2424.0,User_2424,33
2425.0,User_2425,17
2426.0,User_2426,32
2427.0,User_2427,82
2428.0,User_2428,82
2429.0,User_2429,37
2430.0,User_2430,33
2431.0,User_2431,89
2432.0,User_2432,23
2433.0,User_2433,24
2434.0,User_2434,75
2435.0,User_2435,78
2436.0,User_2436,18
2437.0,User_2437,42
2438.0,User_2438,78
2439.0,User_2439,67
2440.0,User_2440,48
2441.0,User_2441,17
2442.0,User_2442,23
2443.0,User_2443,77
2444.0,User_2444,20
2445.0,User_2445,94
2446.0,User_2446,51
2447.0,User_2447,18
2448.0,User_2448,18
2449.0,User_2449,16
2450.0,User_2450,62
2451.0,User_2451,83
2452.0,User_2452,37
2453.0,User_2453,93
2454.0,User_2454,77
2455.0,User_2455,34
2456.0,User_2456,44
2457.0,User_2457,87
2458.0,User_2458,62
2459.0,User_2459,31
2460.0,User_2460,58
2461.0,User_2461,32
2462.0,User_2462,14
2463.0,User_2463,46
2464.0,User_2464,86
2465.0,User_2465,14
2466.0,User_2466,38
2467.0,User_2467,95
2468.0,User_2468,13
2469.0,User_2469,71
2470.0,User_2470,19
2471.0,User_2471,22
2472.0,User_2472,42
2473.0,User_2473,38
2474.0,User_2474,11
2475.0,User_2475,13
2476.0,User_2476,29
2477.0,User_2477,85
2478.0,User_2478,43
2479.0,User_2479,60
2480.0,User_2480,33
2481.0,User_2481,57
2482.0,User_2482,50
2483.0,User_2483,85
2484.0,User_2484,82
2485.0,User_2485,10
2486.0,User_2486,56
2487.0,User_2487,26
2488.0,User_2488,80
2489.0,User_2489,25
2490.0,User_2490,28
2491.0,User_2491,17
2492.0,User_2492,12
2493.0,User_2493,77
2494.0,User_2494,56
2495.0,User_2495,37
2496.0,User_2496,40
2497.0,User_2497,47
2498.0,User_2498,75
2499.0,User_2499,75
2500.0,User_2500,57
2501.0,User_2501,14
2502.0,User_2502,42
2503.0,User_2503,51
2504.0,User_2504,86
2505.0,User_2505,86
2506.0,User_2506,20
2507.0,User_2507,59
2508.0,User_2508,88
2509.0,User_2509,71
2510.0,User_2510,45
2511.0,User_2511,91
2512.0,User_2512,87
2513.0,User_2513,58
2514.0,User_2514,70
2515.0,User_2515,71
2516.0,User_2516,81
2517.0,User_2517,90
2518.0,User_2518,74
2519.0,User_2519,68
2520.0,User_2520,91
2521.0,User_2521,31
2522.0,User_2522,72
2523.0,User_2523,67
2524.0,User_2524,43
2525.0,User_2525,47
2526.0,User_2526,40
2527.0,User_2527,28
2528.0,User_2528,21
2529.0,User_2529,59
2530.0,User_2530,93
2531.0,User_2531,81
2532.0,User_2532,55
2533.0,User_2533,33
2534.0,User_2534,45
2535.0,User_2535,74
2536.0,User_2536,31
2537.0,User_2537,50
2538.0,User_2538,79
2539.0,User_2539,66
2540.0,User_2540,19
2541.0,User_2541,84
2542.0,User_2542,71
2543.0,User_2543,20
2544.0,User_2544,58
2545.0,User_2545,40
2546.0,User_2546,66
2547.0,User_2547,68
2548.0,User_2548,34
2549.0,User_2549,90
2550.0,User_2550,68
2551.0,User_2551,37
2552.0,User_2552,76
2553.0,User_2553,56
2554.0,User_2554,21
2555.0,User_2555,89
2556.0,User_2556,74
2557.0,User_2557,81
2558.0,User_2558,17
2559.0,User_2559,93
2560.0,User_2560,16
2561.0,User_2561,72
2562.0,User_2562,66
2563.0,User_2563,37
2564.0,User_2564,49
2565.0,User_2565,33
2566.0,User_2566,76
2567.0,User_2567,42
2568.0,User_2568,64
2569.0,User_2569,34
2570.0,User_2570,18
2571.0,User_2571,23
2572.0,User_2572,77
2573.0,User_2573,78
2574.0,User_2574,75
2575.0,User_2575,27
2576.0,User_2576,84
2577.0,User_2577,62
2578.0,User_2578,67
2579.0,User_2579,77
2580.0,User_2580,83
2581.0,User_2581,41
2582.0,User_2582,68
2583.0,User_2583,32
2584.0,User_2584,69
2585.0,User_2585,80
2586.0,User_2586,44
2587.0,User_2587,71
2588.0,User_2588,75
2589.0,User_2589,10
2590.0,User_2590,51
2591.0,User_2591,80
2592.0,User_2592,66
2593.0,User_2593,92
2594.0,User_2594,82
2595.0,User_2595,35
2596.0,User_2596,78
2597.0,User_2597,43
2598.0,User_2598,12
2599.0,User_2599,54
2600.0,User_2600,55
2601.0,User_2601,91
2602.0,User_2602,31
2603.0,User_2603,60
2604.0,User_2604,10
2605.0,User_2605,66
2606.0,User_2606,58
2607.0,User_2607,78
2608.0,User_2608,23
2609.0,User_2609,42
2610.0,User_2610,28
2611.0,User_2611,89
2612.0,User_2612,68
2613.0,User_2613,32
2614.0,User_2614,31
2615.0,User_2615,16
2616.0,User_2616,89
2617.0,User_2617,89
2618.0,User_2618,37
2619.0,User_2619,51
2620.0,User_2620,59
2621.0,User_2621,69
2622.0,User_2622,38
2623.0,User_2623,63
2624.0,User_2624,66
2625.0,User_2625,78
2626.0,User_2626,66
2627.0,User_2627,79
2628.0,User_2628,54
2629.0,User_2629,65
2630.0,User_2630,31
2631.0,User_2631,63
2632.0,User_2632,71
2633.0,User_2633,89
2634.0,User_2634,42
2635.0,User_2635,57
2636.0,User_2636,54
2637.0,User_2637,38
2638.0,User_2638,87
2639.0,User_2639,29
2640.0,User_2640,83
2641.0,User_2641,12
2642.0,User_2642,45
2643.0,User_2643,30
2644.0,User_2644,78
2645.0,User_2645,18
2646.0,User_2646,81
2647.0,User_2647,37
2648.0,User_2648,75
2649.0,User_2649,44
2650.0,User_2650,11
2651.0,User_2651,56
2652.0,User_2652,61
2653.0,User_2653,72
2654.0,User_2654,46
2655.0,User_2655,85
2656.0,User_2656,11
2657.0,User_2657,38
2658.0,User_2658,14
2659.0,User_2659,41
2660.0,User_2660,79
2661.0,User_2661,88
2662.0,User_2662,26
2663.0,User_2663,15
2664.0,User_2664,68
2665.0,User_2665,12
2666.0,User_2666,71
2667.0,User_2667,88
2668.0,User_2668,70
2669.0,User_2669,93
2670.0,User_2670,93
2671.0,User_2671,95
2672.0,User_2672,94
2673.0,User_2673,37
2674.0,User_2674,26
2675.0,User_2675,60
2676.0,User_2676,55
2677.0,User_2677,12
2678.0,User_2678,95
2679.0,User_2679,32
2680.0,User_2680,35
2681.0,User_2681,67
2682.0,User_2682,37
2683.0,User_2683,21
2684.0,User_2684,35
2685.0,User_2685,30
2686.0,User_2686,59
2687.0,User_2687,70
2688.0,User_2688,70
2689.0,User_2689,75
2690.0,User_2690,26
2691.0,User_2691,34
2692.0,User_2692,56
2693.0,User_2693,59
2694.0,User_2694,59
2695.0,User_2695,18
2696.0,User_2696,72
2697.0,User_2697,35
2698.0,User_2698,36
2699.0,User_2699,31
2700.0,User_2700,32
2701.0,User_2701,50
2702.0,User_2702,32
2703.0,User_2703,79
2704.0,User_2704,77
2705.0,User_2705,39
2706.0,User_2706,88
2707.0,User_2707,58
2708.0,User_2708,82
2709.0,User_2709,47
2710.0,User_2710,17
2711.0,User_2711,36
2712.0,User_2712,15
2713.0,User_2713,41
2714.0,User_2714,90
2715.0,User_2715,74
2716.0,User_2716,11
2717.0,User_2717,56
2718.0,User_2718,45
2719.0,User_2719,35
2720.0,User_2720,61
2721.0,User_2721,78
2722.0,User_2722,58
2723.0,User_2723,25
2724.0,User_2724,25
2725.0,User_2725,24
2726.0,User_2726,52
2727.0,User_2727,38
2728.0,User_2728,34
2729.0,User_2729,10
2730.0,User_2730,22
2731.0,User_2731,60
2732.0,User_2732,50
2733.0,User_2733,15
2734.0,User_2734,75
2735.0,User_2735,12
2736.0,User_2736,71
2737.0,User_2737,61
2738.0,User_2738,82
2739.0,User_2739,78
2740.0,User_2740,31
2741.0,User_2741,91
2742.0,User_2742,25
2743.0,User_2743,62
2744.0,User_2744,50
2745.0,User_2745,35
2746.0,User_2746,56
2747.0,User_2747,58
2748.0,User_2748,52
2749.0,User_2749,74
2750.0,User_2750,54
2751.0,User_2751,95
2752.0,User_2752,19
2753.0,User_2753,24
2754.0,User_2754,13
2755.0,User_2755,63
2756.0,User_2756,14
2757.0,User_2757,62
2758.0,User_2758,58
2759.0,User_2759,78
2760.0,User_2760,45
2761.0,User_2761,28
2762.0,User_2762,66
2763.0,User_2763,94
2764.0,User_2764,19
2765.0,User_2765,54
2766.0,User_2766,91
2767.0,User_2767,60
2768.0,User_2768,17
2769.0,User_2769,58
2770.0,User_2770,59
2771.0,User_2771,17
2772.0,User_2772,63
2773.0,User_2773,51
2774.0,User_2774,77
2775.0,User_2775,90
2776.0,User_2776,14
2777.0,User_2777,65
2778.0,User_2778,47
2779.0,User_2779,66
2780.0,User_2780,36
2781.0,User_2781,23
2782.0,User_2782,94
2783.0,User_2783,66
2784.0,User_2784,46
2785.0,User_2785,18
2786.0,User_2786,85
2787.0,User_2787,79
2788.0,User_2788,24
2789.0,User_2789,86
2790.0,User_2790,52
2791.0,User_2791,38
2792.0,User_2792,47
2793.0,User_2793,79
2794.0,User_2794,38
2795.0,User_2795,20
2796.0,User_2796,28
2797.0,User_2797,36
2798.0,User_2798,42
2799.0,User_2799,70
2800.0,User_2800,50
2801.0,User_2801,16
2802.0,User_2802,62
2803.0,User_2803,34
2804.0,User_2804,51
2805.0,User_2805,90
2806.0,User_2806,31
2807.0,User_2807,72
2808.0,User_2808,37
2809.0,User_2809,48
2810.0,User_2810,17
2811.0,User_2811,55
2812.0,User_2812,59
2813.0,User_2813,74
2814.0,User_2814,47
2815.0,User_2815,51
2816.0,User_2816,52
2817.0,User_2817,39
2818.0,User_2818,60
2819.0,User_2819,73
2820.0,User_2820,82
2821.0,User_2821,90
2822.0,User_2822,49
2823.0,User_2823,30
2824.0,User_2824,91
2825.0,User_2825,23
2826.0,User_2826,29
2827.0,User_2827,19
2828.0,User_2828,66
2829.0,User_2829,38
2830.0,User_2830,63
2831.0,User_2831,55
2832.0,User_2832,84
2833.0,User_2833,58
2834.0,User_2834,60
2835.0,User_2835,71
2836.0,User_2836,48
2837.0,User_2837,43
2838.0,User_2838,53
2839.0,User_2839,50
2840.0,User_2840,75
2841.0,User_2841,32
2842.0,User_2842,95
2843.0,User_2843,14
2844.0,User_2844,65
2845.0,User_2845,87
2846.0,User_2846,79
2847.0,User_2847,15
2848.0,User_2848,93
2849.0,User_2849,12
2850.0,User_2850,18
2851.0,User_2851,44
2852.0,User_2852,35
2853.0,User_2853,79
2854.0,User_2854,10
2855.0,User_2855,47
2856.0,User_2856,78
2857.0,User_2857,33
2858.0,User_2858,28
2859.0,User_2859,50
2860.0,User_2860,53
2861.0,User_2861,55
2862.0,User_2862,43
2863.0,User_2863,63
2864.0,User_2864,94
2865.0,User_2865,75
2866.0,User_2866,40
2867.0,User_2867,60
2868.0,User_2868,63
2869.0,User_2869,84
2870.0,User_2870,66
2871.0,User_2871,13
2872.0,User_2872,26
2873.0,User_2873,66
2874.0,User_2874,33
2875.0,User_2875,74
2876.0,User_2876,87
2877.0,User_2877,57
2878.0,User_2878,29
2879.0,User_2879,64
2880.0,User_2880,49
2881.0,User_2881,39
2882.0,User_2882,11
2883.0,User_2883,34
2884.0,User_2884,37
2885.0,User_2885,48
2886.0,User_2886,36
2887.0,User_2887,33
2888.0,User_2888,15
2889.0,User_2889,24
2890.0,User_2890,89
2891.0,User_2891,27
2892.0,User_2892,75
2893.0,User_2893,15
2894.0,User_2894,80
2895.0,User_2895,37
2896.0,User_2896,15
2897.0,User_2897,51
2898.0,User_2898,13
2899.0,User_2899,50
2900.0,User_2900,56
2901.0,User_2901,45
2902.0,User_2902,28
2903.0,User_2903,71
2904.0,User_2904,83
2905.0,User_2905,25
2906.0,User_2906,95
2907.0,User_2907,49
2908.0,User_2908,71
2909.0,User_2909,52
2910.0,User_2910,53
2911.0,User_2911,67
2912.0,User_2912,56
2913.0,User_2913,43
2914.0,User_2914,82
2915.0,User_2915,81
2916.0,User_2916,91
2917.0,User_2917,95
2918.0,User_2918,86
2919.0,User_2919,48
2920.0,User_2920,35
2921.0,User_2921,80
2922.0,User_2922,88
2923.0,User_2923,48
2924.0,User_2924,95
2925.0,User_2925,23
2926.0,User_2926,35
2927.0,User_2927,71
2928.0,User_2928,29
2929.0,User_2929,28
2930.0,User_2930,23
2931.0,User_2931,66
2932.0,User_2932,15
2933.0,User_2933,57
2934.0,User_2934,90
2935.0,User_2935,13
2936.0,User_2936,37
2937.0,User_2937,93
2938.0,User_2938,62
2939.0,User_2939,77
2940.0,User_2940,78
2941.0,User_2941,72
2942.0,User_2942,25
2943.0,User_2943,22
2944.0,User_2944,28
2945.0,User_2945,17
2946.0,User_2946,95
2947.0,User_2947,94
2948.0,User_2948,12
2949.0,User_2949,66
2950.0,User_2950,90
2951.0,User_2951,40
2952.0,User_2952,12
2953.0,User_2953,14
2954.0,User_2954,83
2955.0,User_2955,30
2956.0,User_2956,12
2957.0,User_2957,63
2958.0,User_2958,55
2959.0,User_2959,88
2960.0,User_2960,25
2961.0,User_2961,41
2962.0,User_2962,57
2963.0,User_2963,68
2964.0,User_2964,20
2965.0,User_2965,16
2966.0,User_2966,33
2967.0,User_2967,17
2968.0,User_2968,83
2969.0,User_2969,51
2970.0,User_2970,70
2971.0,User_2971,73
2972.0,User_2972,43
2973.0,User_2973,16
2974.0,User_2974,49
2975.0,User_2975,16
2976.0,User_2976,19
2977.0,User_2977,74
2978.0,User_2978,59
2979.0,User_2979,16
2980.0,User_2980,48
2981.0,User_2981,41
2982.0,User_2982,81
2983.0,User_2983,27
2984.0,User_2984,30
2985.0,User_2985,26
2986.0,User_2986,40
2987.0,User_2987,87
2988.0,User_2988,47
2989.0,User_2989,17
2990.0,User_2990,35
2991.0,User_2991,33
2992.0,User_2992,81
2993.0,User_2993,18
2994.0,User_2994,15
2995.0,User_2995,90
2996.0,User_2996,11
2997.0,User_2997,88
2998.0,User_2998,12
2999.0,User_2999,58
3000.0,User_3000,54
3001.0,User_3001,89
3002.0,User_3002,44
3003.0,User_3003,20
3004.0,User_3004,93
3005.0,User_3005,52
3006.0,User_3006,88
3007.0,User_3007,84
3008.0,User_3008,52
3009.0,User_3009,45
3010.0,User_3010,45
3011.0,User_3011,17
3012.0,User_3012,37
3013.0,User_3013,36
3014.0,User_3014,72
3015.0,User_3015,12
3016.0,User_3016,75
3017.0,User_3017,19
3018.0,User_3018,28
3019.0,User_3019,50
3020.0,User_3020,87
3021.0,User_3021,49
3022.0,User_3022,46
3023.0,User_3023,26
3024.0,User_3024,15
3025.0,User_3025,75
3026.0,User_3026,72
3027.0,User_3027,71
3028.0,User_3028,58
3029.0,User_3029,76
3030.0,User_3030,83
3031.0,User_3031,42
3032.0,User_3032,20
3033.0,User_3033,32
3034.0,User_3034,62
3035.0,User_3035,13
3036.0,User_3036,94
3037.0,User_3037,20
3038.0,User_3038,94
3039.0,User_3039,50
3040.0,User_3040,74
3041.0,User_3041,44
3042.0,User_3042,23
3043.0,User_3043,69
3044.0,User_3044,18
3045.0,User_3045,91
3046.0,User_3046,59
3047.0,User_3047,34
3048.0,User_3048,43
3049.0,User_3049,31
3050.0,User_3050,82
3051.0,User_3051,84
3052.0,User_3052,70
3053.0,User_3053,86
3054.0,User_3054,59
3055.0,User_3055,71
3056.0,User_3056,30
3057.0,User_3057,57
3058.0,User_3058,49
3059.0,User_3059,32
3060.0,User_3060,25
3061.0,User_3061,85
3062.0,User_3062,87
3063.0,User_3063,85
3064.0,User_3064,61
3065.0,User_3065,58
3066.0,User_3066,29
3067.0,User_3067,29
3068.0,User_3068,45
3069.0,User_3069,24
3070.0,User_3070,63
3071.0,User_3071,51
3072.0,User_3072,82
3073.0,User_3073,47
3074.0,User_3074,65
3075.0,User_3075,78
3076.0,User_3076,73
3077.0,User_3077,33
3078.0,User_3078,22
3079.0,User_3079,40
3080.0,User_3080,43
3081.0,User_3081,76
3082.0,User_3082,48
3083.0,User_3083,12
3084.0,User_3084,75
3085.0,User_3085,82
3086.0,User_3086,22
3087.0,User_3087,38
3088.0,User_3088,54
3089.0,User_3089,48
3090.0,User_3090,27
3091.0,User_3091,44
3092.0,User_3092,18
3093.0,User_3093,31
3094.0,User_3094,63
3095.0,User_3095,28
3096.0,User_3096,26
3097.0,User_3097,44
3098.0,User_3098,64
3099.0,User_3099,15
3100.0,User_3100,56
3101.0,User_3101,37
3102.0,User_3102,55
3103.0,User_3103,64
3104.0,User_3104,65
3105.0,User_3105,28
3106.0,User_3106,68
3107.0,User_3107,35
3108.0,User_3108,34
3109.0,User_3109,67
3110.0,User_3110,13
3111.0,User_3111,27
3112.0,User_3112,75
3113.0,User_3113,50
3114.0,User_3114,89
3115.0,User_3115,54
3116.0,User_3116,43
3117.0,User_3117,62
3118.0,User_3118,21
3119.0,User_3119,95
3120.0,User_3120,36
3121.0,User_3121,20
3122.0,User_3122,48
3123.0,User_3123,11
3124.0,User_3124,65
3125.0,User_3125,77
3126.0,User_3126,29
3127.0,User_3127,66
3128.0,User_3128,48
3129.0,User_3129,53
3130.0,User_3130,14
3131.0,User_3131,94
3132.0,User_3132,22
3133.0,User_3133,49
3134.0,User_3134,87
3135.0,User_3135,37
3136.0,User_3136,87
3137.0,User_3137,36
3138.0,User_3138,14
3139.0,User_3139,87
3140.0,User_3140,40
3141.0,User_3141,36
3142.0,User_3142,63
3143.0,User_3143,57
3144.0,User_3144,29
3145.0,User_3145,18
3146.0,User_3146,72
3147.0,User_3147,82
3148.0,User_3148,76
3149.0,User_3149,29
3150.0,User_3150,79
3151.0,User_3151,48
3152.0,User_3152,57
3153.0,User_3153,60
3154.0,User_3154,93
3155.0,User_3155,18
3156.0,User_3156,80
3157.0,User_3157,57
3158.0,User_3158,14
3159.0,User_3159,15
3160.0,User_3160,48
3161.0,User_3161,52
3162.0,User_3162,39
3163.0,User_3163,67
3164.0,User_3164,34
3165.0,User_3165,30
3166.0,User_3166,56
3167.0,User_3167,64
3168.0,User_3168,69
3169.0,User_3169,24
3170.0,User_3170,63
3171.0,User_3171,82
3172.0,User_3172,19
3173.0,User_3173,12
3174.0,User_3174,87
3175.0,User_3175,53
3176.0,User_3176,53
3177.0,User_3177,95
3178.0,User_3178,52
3179.0,User_3179,84
3180.0,User_3180,92
3181.0,User_3181,43
3182.0,User_3182,30
3183.0,User_3183,89
3184.0,User_3184,88
3185.0,User_3185,60
3186.0,User_3186,56
3187.0,User_3187,66
3188.0,User_3188,16
3189.0,User_3189,60
3190.0,User_3190,48
3191.0,User_3191,84
3192.0,User_3192,14
3193.0,User_3193,26
3194.0,User_3194,47
3195.0,User_3195,12
3196.0,User_3196,71
3197.0,User_3197,43
3198.0,User_3198,30
3199.0,User_3199,21
3200.0,User_3200,45
3201.0,User_3201,68
3202.0,User_3202,74
3203.0,User_3203,50
3204.0,User_3204,30
3205.0,User_3205,30
3206.0,User_3206,62
3207.0,User_3207,49
3208.0,User_3208,66
3209.0,User_3209,78
3210.0,User_3210,85
3211.0,User_3211,62
3212.0,User_3212,80
3213.0,User_3213,78
3214.0,User_3214,14
3215.0,User_3215,26
3216.0,User_3216,15
3217.0,User_3217,38
3218.0,User_3218,83
3219.0,User_3219,23
3220.0,User_3220,55
3221.0,User_3221,50
3222.0,User_3222,61
3223.0,User_3223,10
3224.0,User_3224,57
3225.0,User_3225,16
3226.0,User_3226,88
3227.0,User_3227,25
3228.0,User_3228,47
3229.0,User_3229,82
3230.0,User_3230,11
3231.0,User_3231,13
3232.0,User_3232,84
3233.0,User_3233,57
3234.0,User_3234,87
3235.0,User_3235,30
3236.0,User_3236,43
3237.0,User_3237,32
3238.0,User_3238,77
3239.0,User_3239,15
3240.0,User_3240,63
3241.0,User_3241,35
3242.0,User_3242,54
3243.0,User_3243,62
3244.0,User_3244,77
3245.0,User_3245,66
3246.0,User_3246,50
3247.0,User_3247,48
3248.0,User_3248,45
3249.0,User_3249,58
3250.0,User_3250,31
3251.0,User_3251,15
3252.0,User_3252,80
3253.0,User_3253,71
3254.0,User_3254,85
3255.0,User_3255,27
3256.0,User_3256,77
3257.0,User_3257,21
3258.0,User_3258,49
3259.0,User_3259,40
3260.0,User_3260,26
3261.0,User_3261,72
3262.0,User_3262,36
3263.0,User_3263,55
3264.0,User_3264,28
3265.0,User_3265,25
3266.0,User_3266,92
3267.0,User_3267,12
3268.0,User_3268,63
3269.0,User_3269,95
3270.0,User_3270,39
3271.0,User_3271,43
3272.0,User_3272,85
3273.0,User_3273,59
3274.0,User_3274,89
3275.0,User_3275,14
3276.0,User_3276,74
3277.0,User_3277,68
3278.0,User_3278,33
3279.0,User_3279,28
3280.0,User_3280,41
3281.0,User_3281,13
3282.0,User_3282,48
3283.0,User_3283,10
3284.0,User_3284,38
3285.0,User_3285,73
3286.0,User_3286,93
3287.0,User_3287,15
3288.0,User_3288,57
3289.0,User_3289,15
3290.0,User_3290,43
3291.0,User_3291,85
3292.0,User_3292,95
3293.0,User_3293,18
3294.0,User_3294,53
3295.0,User_3295,36
3296.0,User_3296,35
3297.0,User_3297,33
3298.0,User_3298,60
3299.0,User_3299,90
3300.0,User_3300,15
3301.0,User_3301,46
3302.0,User_3302,11
3303.0,User_3303,65
3304.0,User_3304,94
3305.0,User_3305,62
3306.0,User_3306,22
3307.0,User_3307,18
3308.0,User_3308,90
3309.0,User_3309,62
3310.0,User_3310,89
3311.0,User_3311,31
3312.0,User_3312,58
3313.0,User_3313,38
3314.0,User_3314,33
3315.0,User_3315,28
3316.0,User_3316,54
3317.0,User_3317,73
3318.0,User_3318,31
3319.0,User_3319,73
3320.0,User_3320,40
3321.0,User_3321,49
3322.0,User_3322,13
3323.0,User_3323,53
3324.0,User_3324,65
3325.0,User_3325,78
3326.0,User_3326,29
3327.0,User_3327,15
3328.0,User_3328,56
3329.0,User_3329,11
3330.0,User_3330,10
3331.0,User_3331,47
3332.0,User_3332,35
3333.0,User_3333,20
3334.0,User_3334,55
3335.0,User_3335,81
3336.0,User_3336,58
3337.0,User_3337,22
3338.0,User_3338,76
3339.0,User_3339,28
3340.0,User_3340,16
3341.0,User_3341,40
3342.0,User_3342,57
3343.0,User_3343,60
3344.0,User_3344,89
3345.0,User_3345,82
3346.0,User_3346,38
3347.0,User_3347,40
3348.0,User_3348,15
3349.0,User_3349,31
3350.0,User_3350,29
3351.0,User_3351,80
3352.0,User_3352,42
3353.0,User_3353,12
3354.0,User_3354,62
3355.0,User_3355,70
3356.0,User_3356,31
3357.0,User_3357,34
3358.0,User_3358,62
3359.0,User_3359,12
3360.0,User_3360,38
3361.0,User_3361,54
3362.0,User_3362,28
3363.0,User_3363,88
3364.0,User_3364,27
3365.0,User_3365,88
3366.0,User_3366,36
3367.0,User_3367,88
3368.0,User_3368,69
3369.0,User_3369,37
3370.0,User_3370,65
3371.0,User_3371,90
3372.0,User_3372,28
3373.0,User_3373,11
3374.0,User_3374,92
3375.0,User_3375,47
3376.0,User_3376,35
3377.0,User_3377,31
3378.0,User_3378,83
3379.0,User_3379,20
3380.0,User_3380,49
3381.0,User_3381,39
3382.0,User_3382,30
3383.0,User_3383,33
3384.0,User_3384,28
3385.0,User_3385,42
3386.0,User_3386,33
3387.0,User_3387,37
3388.0,User_3388,59
3389.0,User_3389,43
3390.0,User_3390,85
3391.0,User_3391,54
3392.0,User_3392,84
3393.0,User_3393,10
3394.0,User_3394,94
3395.0,User_3395,11
3396.0,User_3396,61
3397.0,User_3397,93
3398.0,User_3398,38
3399.0,User_3399,35
3400.0,User_3400,72
3401.0,User_3401,55
3402.0,User_3402,85
3403.0,User_3403,13
3404.0,User_3404,28
3405.0,User_3405,36
3406.0,User_3406,63
3407.0,User_3407,42
3408.0,User_3408,76
3409.0,User_3409,16
3410.0,User_3410,72
3411.0,User_3411,70
3412.0,User_3412,18
3413.0,User_3413,48
3414.0,User_3414,95
3415.0,User_3415,54
3416.0,User_3416,20
3417.0,User_3417,26
3418.0,User_3418,16
3419.0,User_3419,45
3420.0,User_3420,57
3421.0,User_3421,43
3422.0,User_3422,55
3423.0,User_3423,85
3424.0,User_3424,27
3425.0,User_3425,80
3426.0,User_3426,42
3427.0,User_3427,40
3428.0,User_3428,92
3429.0,User_3429,76
3430.0,User_3430,70
3431.0,User_3431,53
3432.0,User_3432,57
3433.0,User_3433,91
3434.0,User_3434,44
3435.0,User_3435,35
3436.0,User_3436,58
3437.0,User_3437,31
3438.0,User_3438,59
3439.0,User_3439,15
3440.0,User_3440,69
3441.0,User_3441,22
3442.0,User_3442,65
3443.0,User_3443,59
3444.0,User_3444,45
3445.0,User_3445,62
3446.0,User_3446,12
3447.0,User_3447,15
3448.0,User_3448,27
3449.0,User_3449,49
3450.0,User_3450,16
3451.0,User_3451,16
3452.0,User_3452,71
3453.0,User_3453,16
3454.0,User_3454,82
3455.0,User_3455,42
3456.0,User_3456,16
3457.0,User_3457,66
3458.0,User_3458,57
3459.0,User_3459,58
3460.0,User_3460,87
3461.0,User_3461,92
3462.0,User_3462,37
3463.0,User_3463,73
3464.0,User_3464,22
3465.0,User_3465,27
3466.0,User_3466,76
3467.0,User_3467,68
3468.0,User_3468,63
3469.0,User_3469,80
3470.0,User_3470,34
3471.0,User_3471,22
3472.0,User_3472,18
3473.0,User_3473,49
3474.0,User_3474,50
3475.0,User_3475,15
3476.0,User_3476,81
3477.0,User_3477,49
3478.0,User_3478,51
3479.0,User_3479,90
3480.0,User_3480,87
3481.0,User_3481,74
3482.0,User_3482,74
3483.0,User_3483,12
3484.0,User_3484,72
3485.0,User_3485,79
3486.0,User_3486,51
3487.0,User_3487,18
3488.0,User_3488,46
3489.0,User_3489,24
3490.0,User_3490,50
3491.0,User_3491,80
3492.0,User_3492,32
3493.0,User_3493,50
3494.0,User_3494,35
3495.0,User_3495,44
3496.0,User_3496,15
3497.0,User_3497,42
3498.0,User_3498,16
3499.0,User_3499,21
3500.0,User_3500,24
3501.0,User_3501,55
3502.0,User_3502,27
3503.0,User_3503,52
3504.0,User_3504,10
3505.0,User_3505,92
3506.0,User_3506,38
3507.0,User_3507,61
3508.0,User_3508,51
3509.0,User_3509,73
3510.0,User_3510,54
3511.0,User_3511,77
3512.0,User_3512,44
3513.0,User_3513,73
3514.0,User_3514,20
3515.0,User_3515,53
3516.0,User_3516,49
3517.0,User_3517,94
3518.0,User_3518,51
3519.0,User_3519,81
3520.0,User_3520,19
3521.0,User_3521,37
3522.0,User_3522,21
3523.0,User_3523,34
3524.0,User_3524,46
3525.0,User_3525,18
3526.0,User_3526,29
3527.0,User_3527,82
3528.0,User_3528,16
3529.0,User_3529,21
3530.0,User_3530,11
3531.0,User_3531,77
3532.0,User_3532,51
3533.0,User_3533,36
3534.0,User_3534,89
3535.0,User_3535,36
3536.0,User_3536,46
3537.0,User_3537,72
3538.0,User_3538,12
3539.0,User_3539,53
3540.0,User_3540,67
3541.0,User_3541,84
3542.0,User_3542,89
3543.0,User_3543,92
3544.0,User_3544,63
3545.0,User_3545,10
3546.0,User_3546,44
3547.0,User_3547,39
3548.0,User_3548,80
3549.0,User_3549,83
3550.0,User_3550,47
3551.0,User_3551,32
3552.0,User_3552,56
3553.0,User_3553,18
3554.0,User_3554,23
3555.0,User_3555,81
3556.0,User_3556,35
3557.0,User_3557,85
3558.0,User_3558,52
3559.0,User_3559,68
3560.0,User_3560,17
3561.0,User_3561,14
3562.0,User_3562,51
3563.0,User_3563,90
3564.0,User_3564,20
3565.0,User_3565,16
3566.0,User_3566,33
3567.0,User_3567,28
3568.0,User_3568,23
3569.0,User_3569,54
3570.0,User_3570,73
3571.0,User_3571,11
3572.0,User_3572,12
3573.0,User_3573,20
3574.0,User_3574,40
3575.0,User_3575,69
3576.0,User_3576,71
3577.0,User_3577,95
3578.0,User_3578,87
3579.0,User_3579,95
3580.0,User_3580,44
3581.0,User_3581,10
3582.0,User_3582,92
3583.0,User_3583,55
3584.0,User_3584,75
3585.0,User_3585,53
3586.0,User_3586,14
3587.0,User_3587,56
3588.0,User_3588,82
3589.0,User_3589,39
3590.0,User_3590,15
3591.0,User_3591,85
3592.0,User_3592,43
3593.0,User_3593,14
3594.0,User_3594,89
3595.0,User_3595,45
3596.0,User_3596,37
3597.0,User_3597,21
3598.0,User_3598,94
3599.0,User_3599,56
3600.0,User_3600,60
3601.0,User_3601,88
3602.0,User_3602,23
3603.0,User_3603,60
3604.0,User_3604,95
3605.0,User_3605,36
3606.0,User_3606,79
3607.0,User_3607,80
3608.0,User_3608,89
3609.0,User_3609,71
3610.0,User_3610,56
3611.0,User_3611,89
3612.0,User_3612,41
3613.0,User_3613,26
3614.0,User_3614,36
3615.0,User_3615,78
3616.0,User_3616,38
3617.0,User_3617,24
3618.0,User_3618,64
3619.0,User_3619,68
3620.0,User_3620,61
3621.0,User_3621,71
3622.0,User_3622,10
3623.0,User_3623,82
3624.0,User_3624,29
3625.0,User_3625,93
3626.0,User_3626,92
3627.0,User_3627,66
3628.0,User_3628,32
3629.0,User_3629,36
3630.0,User_3630,18
3631.0,User_3631,74
3632.0,User_3632,12
3633.0,User_3633,81
3634.0,User_3634,60
3635.0,User_3635,34
3636.0,User_3636,72
3637.0,User_3637,68
3638.0,User_3638,75
3639.0,User_3639,71
3640.0,User_3640,19
3641.0,User_3641,84
3642.0,User_3642,34
3643.0,User_3643,72
3644.0,User_3644,70
3645.0,User_3645,55
3646.0,User_3646,31
3647.0,User_3647,38
3648.0,User_3648,68
3649.0,User_3649,61
3650.0,User_3650,15
3651.0,User_3651,47
3652.0,User_3652,38
3653.0,User_3653,80
3654.0,User_3654,21
3655.0,User_3655,58
3656.0,User_3656,13
3657.0,User_3657,17
3658.0,User_3658,38
3659.0,User_3659,12
3660.0,User_3660,62
3661.0,User_3661,93
3662.0,User_3662,13
3663.0,User_3663,94
3664.0,User_3664,42
3665.0,User_3665,77
3666.0,User_3666,45
3667.0,User_3667,90
3668.0,User_3668,44
3669.0,User_3669,47
3670.0,User_3670,49
3671.0,User_3671,53
3672.0,User_3672,66
3673.0,User_3673,44
3674.0,User_3674,74
3675.0,User_3675,81
3676.0,User_3676,95
3677.0,User_3677,68
3678.0,User_3678,89
3679.0,User_3679,38
3680.0,User_3680,52
3681.0,User_3681,72
3682.0,User_3682,73
3683.0,User_3683,77
3684.0,User_3684,54
3685.0,User_3685,74
3686.0,User_3686,47
3687.0,User_3687,53
3688.0,User_3688,32
3689.0,User_3689,58
3690.0,User_3690,63
3691.0,User_3691,87
3692.0,User_3692,83
3693.0,User_3693,64
3694.0,User_3694,78
3695.0,User_3695,74
3696.0,User_3696,42
3697.0,User_3697,44
3698.0,User_3698,93
3699.0,User_3699,93
3700.0,User_3700,47
3701.0,User_3701,93
3702.0,User_3702,29
3703.0,User_3703,94
3704.0,User_3704,46
3705.0,User_3705,57
3706.0,User_3706,62
3707.0,User_3707,71
3708.0,User_3708,27
3709.0,User_3709,73
3710.0,User_3710,79
3711.0,User_3711,11
3712.0,User_3712,20
3713.0,User_3713,69
3714.0,User_3714,16
3715.0,User_3715,62
3716.0,User_3716,94
3717.0,User_3717,34
3718.0,User_3718,24
3719.0,User_3719,24
3720.0,User_3720,25
3721.0,User_3721,20
3722.0,User_3722,48
3723.0,User_3723,32
3724.0,User_3724,66
3725.0,User_3725,16
3726.0,User_3726,10
3727.0,User_3727,72
3728.0,User_3728,38
3729.0,User_3729,75
3730.0,User_3730,14
3731.0,User_3731,39
3732.0,User_3732,44
3733.0,User_3733,63
3734.0,User_3734,33
3735.0,User_3735,49
3736.0,User_3736,90
3737.0,User_3737,16
3738.0,User_3738,55
3739.0,User_3739,92
3740.0,User_3740,71
3741.0,User_3741,82
3742.0,User_3742,67
3743.0,User_3743,69
3744.0,User_3744,15
3745.0,User_3745,25
3746.0,User_3746,83
3747.0,User_3747,61
3748.0,User_3748,71
3749.0,User_3749,30
3750.0,User_3750,66
3751.0,User_3751,46
3752.0,User_3752,78
3753.0,User_3753,34
3754.0,User_3754,22
3755.0,User_3755,18
3756.0,User_3756,89
3757.0,User_3757,18
3758.0,User_3758,42
3759.0,User_3759,13
3760.0,User_3760,94
3761.0,User_3761,26
3762.0,User_3762,56
3763.0,User_3763,12
3764.0,User_3764,60
3765.0,User_3765,95
3766.0,User_3766,79
3767.0,User_3767,52
3768.0,User_3768,72
3769.0,User_3769,48
3770.0,User_3770,11
3771.0,User_3771,27
3772.0,User_3772,16
3773.0,User_3773,17
3774.0,User_3774,73
3775.0,User_3775,33
3776.0,User_3776,24
3777.0,User_3777,75
3778.0,User_3778,72
3779.0,User_3779,41
3780.0,User_3780,74
3781.0,User_3781,49
3782.0,User_3782,48
3783.0,User_3783,65
3784.0,User_3784,66
3785.0,User_3785,40
3786.0,User_3786,95
3787.0,User_3787,59
3788.0,User_3788,73
3789.0,User_3789,19
3790.0,User_3790,90
3791.0,User_3791,41
3792.0,User_3792,80
3793.0,User_3793,54
3794.0,User_3794,60
3795.0,User_3795,66
3796.0,User_3796,64
3797.0,User_3797,80
3798.0,User_3798,59
3799.0,User_3799,33
3800.0,User_3800,89
3801.0,User_3801,77
3802.0,User_3802,83
3803.0,User_3803,40
3804.0,User_3804,10
3805.0,User_3805,95
3806.0,User_3806,89
3807.0,User_3807,80
3808.0,User_3808,60
3809.0,User_3809,88
3810.0,User_3810,25
3811.0,User_3811,40
3812.0,User_3812,70
3813.0,User_3813,69
3814.0,User_3814,23
3815.0,User_3815,32
3816.0,User_3816,93
3817.0,User_3817,60
3818.0,User_3818,49
3819.0,User_3819,70
3820.0,User_3820,76
3821.0,User_3821,94
3822.0,User_3822,89
3823.0,User_3823,30
3824.0,User_3824,35
3825.0,User_3825,52
3826.0,User_3826,41
3827.0,User_3827,15
3828.0,User_3828,17
3829.0,User_3829,28
3830.0,User_3830,40
3831.0,User_3831,64
3832.0,User_3832,34
3833.0,User_3833,62
3834.0,User_3834,88
3835.0,User_3835,25
3836.0,User_3836,24
3837.0,User_3837,57
3838.0,User_3838,31
3839.0,User_3839,22
3840.0,User_3840,68
3841.0,User_3841,35
3842.0,User_3842,45
3843.0,User_3843,53
3844.0,User_3844,29
3845.0,User_3845,75
3846.0,User_3846,31
3847.0,User_3847,19
3848.0,User_3848,74
3849.0,User_3849,17
3850.0,User_3850,69
3851.0,User_3851,38
3852.0,User_3852,82
3853.0,User_3853,32
3854.0,User_3854,67
3855.0,User_3855,87
3856.0,User_3856,81
3857.0,User_3857,68
3858.0,User_3858,49
3859.0,User_3859,72
3860.0,User_3860,53
3861.0,User_3861,73
3862.0,User_3862,65
3863.0,User_3863,10
3864.0,User_3864,39
3865.0,User_3865,44
3866.0,User_3866,60
3867.0,User_3867,58
3868.0,User_3868,76
3869.0,User_3869,24
3870.0,User_3870,36
3871.0,User_3871,78
3872.0,User_3872,23
3873.0,User_3873,58
3874.0,User_3874,85
3875.0,User_3875,19
3876.0,User_3876,57
3877.0,User_3877,77
3878.0,User_3878,93
3879.0,User_3879,33
3880.0,User_3880,18
3881.0,User_3881,69
3882.0,User_3882,30
3883.0,User_3883,51
3884.0,User_3884,94
3885.0,User_3885,92
3886.0,User_3886,54
3887.0,User_3887,50
3888.0,User_3888,70
3889.0,User_3889,21
3890.0,User_3890,89
3891.0,User_3891,12
3892.0,User_3892,35
3893.0,User_3893,52
3894.0,User_3894,23
3895.0,User_3895,28
3896.0,User_3896,11
3897.0,User_3897,66
3898.0,User_3898,36
3899.0,User_3899,85
3900.0,User_3900,95
3901.0,User_3901,41
3902.0,User_3902,40
3903.0,User_3903,88
3904.0,User_3904,92
3905.0,User_3905,45
3906.0,User_3906,56
3907.0,User_3907,41
3908.0,User_3908,77
3909.0,User_3909,43
3910.0,User_3910,73
3911.0,User_3911,50
3912.0,User_3912,47
3913.0,User_3913,31
3914.0,User_3914,52
3915.0,User_3915,11
3916.0,User_3916,86
3917.0,User_3917,93
3918.0,User_3918,12
3919.0,User_3919,18
3920.0,User_3920,75
3921.0,User_3921,30
3922.0,User_3922,37
3923.0,User_3923,81
3924.0,User_3924,41
3925.0,User_3925,35
3926.0,User_3926,67
3927.0,User_3927,45
3928.0,User_3928,22
3929.0,User_3929,56
3930.0,User_3930,37
3931.0,User_3931,19
3932.0,User_3932,27
3933.0,User_3933,31
3934.0,User_3934,14
3935.0,User_3935,68
3936.0,User_3936,36
3937.0,User_3937,47
3938.0,User_3938,72
3939.0,User_3939,77
3940.0,User_3940,70
3941.0,User_3941,71
3942.0,User_3942,83
3943.0,User_3943,88
3944.0,User_3944,80
3945.0,User_3945,30
3946.0,User_3946,46
3947.0,User_3947,63
3948.0,User_3948,51
3949.0,User_3949,84
3950.0,User_3950,69
3951.0,User_3951,35
3952.0,User_3952,37
3953.0,User_3953,62
3954.0,User_3954,93
3955.0,User_3955,52
3956.0,User_3956,55
3957.0,User_3957,49
3958.0,User_3958,72
3959.0,User_3959,74
3960.0,User_3960,47
3961.0,User_3961,52
3962.0,User_3962,25
3963.0,User_3963,35
3964.0,User_3964,70
3965.0,User_3965,31
3966.0,User_3966,34
3967.0,User_3967,41
3968.0,User_3968,95
3969.0,User_3969,49
3970.0,User_3970,11
3971.0,User_3971,25
3972.0,User_3972,38
3973.0,User_3973,57
3974.0,User_3974,33
3975.0,User_3975,54
3976.0,User_3976,46
3977.0,User_3977,77
3978.0,User_3978,48
3979.0,User_3979,89
3980.0,User_3980,67
3981.0,User_3981,23
3982.0,User_3982,44
3983.0,User_3983,75
3984.0,User_3984,49
3985.0,User_3985,24
3986.0,User_3986,28
3987.0,User_3987,30
3988.0,User_3988,58
3989.0,User_3989,59
3990.0,User_3990,40
3991.0,User_3991,24
3992.0,User_3992,40
3993.0,User_3993,73
3994.0,User_3994,34
3995.0,User_3995,83
3996.0,User_3996,34
3997.0,User_3997,84
3998.0,User_3998,81
3999.0,User_3999,58
4000.0,User_4000,58
4001.0,User_4001,57
4002.0,User_4002,65
4003.0,User_4003,16
4004.0,User_4004,53
4005.0,User_4005,28
4006.0,User_4006,64
4007.0,User_4007,41
4008.0,User_4008,87
4009.0,User_4009,54
4010.0,User_4010,76
4011.0,User_4011,43
4012.0,User_4012,38
4013.0,User_4013,56
4014.0,User_4014,68
4015.0,User_4015,80
4016.0,User_4016,84
4017.0,User_4017,14
4018.0,User_4018,54
4019.0,User_4019,34
4020.0,User_4020,58
4021.0,User_4021,91
4022.0,User_4022,37
4023.0,User_4023,78
4024.0,User_4024,31
4025.0,User_4025,75
4026.0,User_4026,78
4027.0,User_4027,42
4028.0,User_4028,72
4029.0,User_4029,59
4030.0,User_4030,18
4031.0,User_4031,17
4032.0,User_4032,87
4033.0,User_4033,75
4034.0,User_4034,37
4035.0,User_4035,20
4036.0,User_4036,46
4037.0,User_4037,44
4038.0,User_4038,66
4039.0,User_4039,46
4040.0,User_4040,89
4041.0,User_4041,84
4042.0,User_4042,58
4043.0,User_4043,22
4044.0,User_4044,89
4045.0,User_4045,49
4046.0,User_4046,34
4047.0,User_4047,47
4048.0,User_4048,20
4049.0,User_4049,55
4050.0,User_4050,68
4051.0,User_4051,54
4052.0,User_4052,53
4053.0,User_4053,60
4054.0,User_4054,12
4055.0,User_4055,69
4056.0,User_4056,65
4057.0,User_4057,32
4058.0,User_4058,44
4059.0,User_4059,19
4060.0,User_4060,42
4061.0,User_4061,64
4062.0,User_4062,71
4063.0,User_4063,60
4064.0,User_4064,26
4065.0,User_4065,95
4066.0,User_4066,35
4067.0,User_4067,29
4068.0,User_4068,27
4069.0,User_4069,54
4070.0,User_4070,57
4071.0,User_4071,18
4072.0,User_4072,21
4073.0,User_4073,89
4074.0,User_4074,82
4075.0,User_4075,73
4076.0,User_4076,10
4077.0,User_4077,45
4078.0,User_4078,34
4079.0,User_4079,32
4080.0,User_4080,29
4081.0,User_4081,22
4082.0,User_4082,34
4083.0,User_4083,56
4084.0,User_4084,71
4085.0,User_4085,10
4086.0,User_4086,62
4087.0,User_4087,36
4088.0,User_4088,82
4089.0,User_4089,51
4090.0,User_4090,93
4091.0,User_4091,60
4092.0,User_4092,67
4093.0,User_4093,27
4094.0,User_4094,81
4095.0,User_4095,59
4096.0,User_4096,42
4097.0,User_4097,76
4098.0,User_4098,20
4099.0,User_4099,28
4100.0,User_4100,44
4101.0,User_4101,85
4102.0,User_4102,83
4103.0,User_4103,62
4104.0,User_4104,32
4105.0,User_4105,36
4106.0,User_4106,68
4107.0,User_4107,54
4108.0,User_4108,62
4109.0,User_4109,11
4110.0,User_4110,34
4111.0,User_4111,66
4112.0,User_4112,40
4113.0,User_4113,88
4114.0,User_4114,38
4115.0,User_4115,25
4116.0,User_4116,13
4117.0,User_4117,64
4118.0,User_4118,94
4119.0,User_4119,63
4120.0,User_4120,38
4121.0,User_4121,14
4122.0,User_4122,66
4123.0,User_4123,23
4124.0,User_4124,32
4125.0,User_4125,85
4126.0,User_4126,65
4127.0,User_4127,15
4128.0,User_4128,47
4129.0,User_4129,68
4130.0,User_4130,94
4131.0,User_4131,30
4132.0,User_4132,56
4133.0,User_4133,61
4134.0,User_4134,36
4135.0,User_4135,12
4136.0,User_4136,53
4137.0,User_4137,73
4138.0,User_4138,84
4139.0,User_4139,80
4140.0,User_4140,67
4141.0,User_4141,59
4142.0,User_4142,69
4143.0,User_4143,39
4144.0,User_4144,53
4145.0,User_4145,85
4146.0,User_4146,84
4147.0,User_4147,55
4148.0,User_4148,70
4149.0,User_4149,91
4150.0,User_4150,52
4151.0,User_4151,28
4152.0,User_4152,26
4153.0,User_4153,60
4154.0,User_4154,69
4155.0,User_4155,81
4156.0,User_4156,90
4157.0,User_4157,13
4158.0,User_4158,79
4159.0,User_4159,48
4160.0,User_4160,71
4161.0,User_4161,25
4162.0,User_4162,27
4163.0,User_4163,19
4164.0,User_4164,75
4165.0,User_4165,18
4166.0,User_4166,24
4167.0,User_4167,32
4168.0,User_4168,69
4169.0,User_4169,23
4170.0,User_4170,28
4171.0,User_4171,32
4172.0,User_4172,37
4173.0,User_4173,64
4174.0,User_4174,64
4175.0,User_4175,57
4176.0,User_4176,17
4177.0,User_4177,59
4178.0,User_4178,23
4179.0,User_4179,94
4180.0,User_4180,25
4181.0,User_4181,46
4182.0,User_4182,67
4183.0,User_4183,58
4184.0,User_4184,74
4185.0,User_4185,30
4186.0,User_4186,21
4187.0,User_4187,49
4188.0,User_4188,31
4189.0,User_4189,43
4190.0,User_4190,88
4191.0,User_4191,21
4192.0,User_4192,68
4193.0,User_4193,50
4194.0,User_4194,21
4195.0,User_4195,67
4196.0,User_4196,73
4197.0,User_4197,79
4198.0,User_4198,86
4199.0,User_4199,92
4200.0,User_4200,92
4201.0,User_4201,25
4202.0,User_4202,76
4203.0,User_4203,46
4204.0,User_4204,81
4205.0,User_4205,80
4206.0,User_4206,92
4207.0,User_4207,53
4208.0,User_4208,93
4209.0,User_4209,54
4210.0,User_4210,32
4211.0,User_4211,53
4212.0,User_4212,37
4213.0,User_4213,55
4214.0,User_4214,78
4215.0,User_4215,47
4216.0,User_4216,78
4217.0,User_4217,93
4218.0,User_4218,78
4219.0,User_4219,26
4220.0,User_4220,90
4221.0,User_4221,43
4222.0,User_4222,91
4223.0,User_4223,42
4224.0,User_4224,26
4225.0,User_4225,41
4226.0,User_4226,29
4227.0,User_4227,43
4228.0,User_4228,88
4229.0,User_4229,59
4230.0,User_4230,33
4231.0,User_4231,76
4232.0,User_4232,53
4233.0,User_4233,67
4234.0,User_4234,78
4235.0,User_4235,60
4236.0,User_4236,63
4237.0,User_4237,92
4238.0,User_4238,14
4239.0,User_4239,25
4240.0,User_4240,10
4241.0,User_4241,86
4242.0,User_4242,41
4243.0,User_4243,62
4244.0,User_4244,79
4245.0,User_4245,28
4246.0,User_4246,52
4247.0,User_4247,74
4248.0,User_4248,72
4249.0,User_4249,37
4250.0,User_4250,41
4251.0,User_4251,43
4252.0,User_4252,69
4253.0,User_4253,86
4254.0,User_4254,47
4255.0,User_4255,22
4256.0,User_4256,48
4257.0,User_4257,88
4258.0,User_4258,41
4259.0,User_4259,50
4260.0,User_4260,32
4261.0,User_4261,71
4262.0,User_4262,58
4263.0,User_4263,82
4264.0,User_4264,18
4265.0,User_4265,65
4266.0,User_4266,69
4267.0,User_4267,58
4268.0,User_4268,50
4269.0,User_4269,40
4270.0,User_4270,45
4271.0,User_4271,48
4272.0,User_4272,10
4273.0,User_4273,28
4274.0,User_4274,59
4275.0,User_4275,83
4276.0,User_4276,84
4277.0,User_4277,22
4278.0,User_4278,81
4279.0,User_4279,64
4280.0,User_4280,20
4281.0,User_4281,37
4282.0,User_4282,75
4283.0,User_4283,14
4284.0,User_4284,93
4285.0,User_4285,14
4286.0,User_4286,89
4287.0,User_4287,95
4288.0,User_4288,82
4289.0,User_4289,34
4290.0,User_4290,71
4291.0,User_4291,83
4292.0,User_4292,33
4293.0,User_4293,15
4294.0,User_4294,40
4295.0,User_4295,79
4296.0,User_4296,69
4297.0,User_4297,57
4298.0,User_4298,81
4299.0,User_4299,32
4300.0,User_4300,71
4301.0,User_4301,26
4302.0,User_4302,95
4303.0,User_4303,45
4304.0,User_4304,71
4305.0,User_4305,37
4306.0,User_4306,40
4307.0,User_4307,78
4308.0,User_4308,23
4309.0,User_4309,37
4310.0,User_4310,12
4311.0,User_4311,10
4312.0,User_4312,76
4313.0,User_4313,66
4314.0,User_4314,60
4315.0,User_4315,17
4316.0,User_4316,21
4317.0,User_4317,45
4318.0,User_4318,82
4319.0,User_4319,10
4320.0,User_4320,41
4321.0,User_4321,15
4322.0,User_4322,94
4323.0,User_4323,23
4324.0,User_4324,70
4325.0,User_4325,53
4326.0,User_4326,13
4327.0,User_4327,76
4328.0,User_4328,25
4329.0,User_4329,14
4330.0,User_4330,13
4331.0,User_4331,89
4332.0,User_4332,61
4333.0,User_4333,80
4334.0,User_4334,76
4335.0,User_4335,28
4336.0,User_4336,19
4337.0,User_4337,56
4338.0,User_4338,89
4339.0,User_4339,62
4340.0,User_4340,65
4341.0,User_4341,33
4342.0,User_4342,78
4343.0,User_4343,38
4344.0,User_4344,30
4345.0,User_4345,67
4346.0,User_4346,27
4347.0,User_4347,59
4348.0,User_4348,74
4349.0,User_4349,47
4350.0,User_4350,81
4351.0,User_4351,61
4352.0,User_4352,54
4353.0,User_4353,77
4354.0,User_4354,36
4355.0,User_4355,88
4356.0,User_4356,69
4357.0,User_4357,47
4358.0,User_4358,80
4359.0,User_4359,24
4360.0,User_4360,39
4361.0,User_4361,27
4362.0,User_4362,23
4363.0,User_4363,61
4364.0,User_4364,45
4365.0,User_4365,45
4366.0,User_4366,19
4367.0,User_4367,83
4368.0,User_4368,15
4369.0,User_4369,45
4370.0,User_4370,20
4371.0,User_4371,35
4372.0,User_4372,88
4373.0,User_4373,33
4374.0,User_4374,50
4375.0,User_4375,31
4376.0,User_4376,44
4377.0,User_4377,33
4378.0,User_4378,21
4379.0,User_4379,27
4380.0,User_4380,94
4381.0,User_4381,55
4382.0,User_4382,92
4383.0,User_4383,41
4384.0,User_4384,74
4385.0,User_4385,69
4386.0,User_4386,42
4387.0,User_4387,45
4388.0,User_4388,52
4389.0,User_4389,36
4390.0,User_4390,44
4391.0,User_4391,56
4392.0,User_4392,18
4393.0,User_4393,73
4394.0,User_4394,51
4395.0,User_4395,85
4396.0,User_4396,17
4397.0,User_4397,42
4398.0,User_4398,69
4399.0,User_4399,77
4400.0,User_4400,47
4401.0,User_4401,33
4402.0,User_4402,21
4403.0,User_4403,74
4404.0,User_4404,18
4405.0,User_4405,52
4406.0,User_4406,10
4407.0,User_4407,17
4408.0,User_4408,13
4409.0,User_4409,25
4410.0,User_4410,19
4411.0,User_4411,28
4412.0,User_4412,55
4413.0,User_4413,15
4414.0,User_4414,64
4415.0,User_4415,69
4416.0,User_4416,11
4417.0,User_4417,35
4418.0,User_4418,64
4419.0,User_4419,86
4420.0,User_4420,84
4421.0,User_4421,60
4422.0,User_4422,85
4423.0,User_4423,87
4424.0,User_4424,25
4425.0,User_4425,92
4426.0,User_4426,68
4427.0,User_4427,42
4428.0,User_4428,54
4429.0,User_4429,38
4430.0,User_4430,55
4431.0,User_4431,35
4432.0,User_4432,66
4433.0,User_4433,82
4434.0,User_4434,92
4435.0,User_4435,63
4436.0,User_4436,79
4437.0,User_4437,14
4438.0,User_4438,23
4439.0,User_4439,92
4440.0,User_4440,17
4441.0,User_4441,20
4442.0,User_4442,55
4443.0,User_4443,37
4444.0,User_4444,53
4445.0,User_4445,10
4446.0,User_4446,26
4447.0,User_4447,13
4448.0,User_4448,20
4449.0,User_4449,62
4450.0,User_4450,89
4451.0,User_4451,50
4452.0,User_4452,35
4453.0,User_4453,50
4454.0,User_4454,60
4455.0,User_4455,48
4456.0,User_4456,80
4457.0,User_4457,63
4458.0,User_4458,10
4459.0,User_4459,49
4460.0,User_4460,49
4461.0,User_4461,92
4462.0,User_4462,54
4463.0,User_4463,69
4464.0,User_4464,34
4465.0,User_4465,81
4466.0,User_4466,24
4467.0,User_4467,86
4468.0,User_4468,60
4469.0,User_4469,77
4470.0,User_4470,68
4471.0,User_4471,36
4472.0,User_4472,15
4473.0,User_4473,85
4474.0,User_4474,87
4475.0,User_4475,33
4476.0,User_4476,68
4477.0,User_4477,47
4478.0,User_4478,18
4479.0,User_4479,37
4480.0,User_4480,35
4481.0,User_4481,32
4482.0,User_4482,37
4483.0,User_4483,10
4484.0,User_4484,22
4485.0,User_4485,54
4486.0,User_4486,67
4487.0,User_4487,64
4488.0,User_4488,15
4489.0,User_4489,45
4490.0,User_4490,79
4491.0,User_4491,27
4492.0,User_4492,68
4493.0,User_4493,80
4494.0,User_4494,84
4495.0,User_4495,79
4496.0,User_4496,31
4497.0,User_4497,56
4498.0,User_4498,48
4499.0,User_4499,73
4500.0,User_4500,91
4501.0,User_4501,91
4502.0,User_4502,13
4503.0,User_4503,46
4504.0,User_4504,67
4505.0,User_4505,36
4506.0,User_4506,95
4507.0,User_4507,78
4508.0,User_4508,72
4509.0,User_4509,30
4510.0,User_4510,53
4511.0,User_4511,78
4512.0,User_4512,61
4513.0,User_4513,38
4514.0,User_4514,15
4515.0,User_4515,94
4516.0,User_4516,33
4517.0,User_4517,94
4518.0,User_4518,83
4519.0,User_4519,49
4520.0,User_4520,70
4521.0,User_4521,74
4522.0,User_4522,21
4523.0,User_4523,88
4524.0,User_4524,92
4525.0,User_4525,19
4526.0,User_4526,78
4527.0,User_4527,79
4528.0,User_4528,60
4529.0,User_4529,51
4530.0,User_4530,69
4531.0,User_4531,61
4532.0,User_4532,39
4533.0,User_4533,36
4534.0,User_4534,72
4535.0,User_4535,51
4536.0,User_4536,79
4537.0,User_4537,15
4538.0,User_4538,52
4539.0,User_4539,90
4540.0,User_4540,53
4541.0,User_4541,56
4542.0,User_4542,38
4543.0,User_4543,26
4544.0,User_4544,32
4545.0,User_4545,24
4546.0,User_4546,68
4547.0,User_4547,32
4548.0,User_4548,56
4549.0,User_4549,43
4550.0,User_4550,28
4551.0,User_4551,29
4552.0,User_4552,23
4553.0,User_4553,48
4554.0,User_4554,69
4555.0,User_4555,77
4556.0,User_4556,88
4557.0,User_4557,26
4558.0,User_4558,55
4559.0,User_4559,73
4560.0,User_4560,34
4561.0,User_4561,48
4562.0,User_4562,28
4563.0,User_4563,44
4564.0,User_4564,37
4565.0,User_4565,94
4566.0,User_4566,17
4567.0,User_4567,86
4568.0,User_4568,36
4569.0,User_4569,26
4570.0,User_4570,88
4571.0,User_4571,91
4572.0,User_4572,82
4573.0,User_4573,11
4574.0,User_4574,84
4575.0,User_4575,85
4576.0,User_4576,86
4577.0,User_4577,59
4578.0,User_4578,80
4579.0,User_4579,78
4580.0,User_4580,82
4581.0,User_4581,17
4582.0,User_4582,22
4583.0,User_4583,86
4584.0,User_4584,15
4585.0,User_4585,33
4586.0,User_4586,18
4587.0,User_4587,74
4588.0,User_4588,74
4589.0,User_4589,44
4590.0,User_4590,17
4591.0,User_4591,37
4592.0,User_4592,42
4593.0,User_4593,11
4594.0,User_4594,78
4595.0,User_4595,83
4596.0,User_4596,90
4597.0,User_4597,74
4598.0,User_4598,36
4599.0,User_4599,61
4600.0,User_4600,89
4601.0,User_4601,33
4602.0,User_4602,84
4603.0,User_4603,78
4604.0,User_4604,40
4605.0,User_4605,17
4606.0,User_4606,20
4607.0,User_4607,40
4608.0,User_4608,55
4609.0,User_4609,17
4610.0,User_4610,80
4611.0,User_4611,77
4612.0,User_4612,30
4613.0,User_4613,72
4614.0,User_4614,70
4615.0,User_4615,16
4616.0,User_4616,81
4617.0,User_4617,21
4618.0,User_4618,17
4619.0,User_4619,34
4620.0,User_4620,95
4621.0,User_4621,47
4622.0,User_4622,27
4623.0,User_4623,52
4624.0,User_4624,81
4625.0,User_4625,92
4626.0,User_4626,50
4627.0,User_4627,81
4628.0,User_4628,20
4629.0,User_4629,38
4630.0,User_4630,43
4631.0,User_4631,90
4632.0,User_4632,90
4633.0,User_4633,59
4634.0,User_4634,66
4635.0,User_4635,89
4636.0,User_4636,11
4637.0,User_4637,22
4638.0,User_4638,31
4639.0,User_4639,42
4640.0,User_4640,76
4641.0,User_4641,40
4642.0,User_4642,18
4643.0,User_4643,57
4644.0,User_4644,43
4645.0,User_4645,74
4646.0,User_4646,92
4647.0,User_4647,28
4648.0,User_4648,39
4649.0,User_4649,38
4650.0,User_4650,61
4651.0,User_4651,86
4652.0,User_4652,23
4653.0,User_4653,62
4654.0,User_4654,70
4655.0,User_4655,15
4656.0,User_4656,50
4657.0,User_4657,30
4658.0,User_4658,37
4659.0,User_4659,68
4660.0,User_4660,13
4661.0,User_4661,25
4662.0,User_4662,52
4663.0,User_4663,50
4664.0,User_4664,73
4665.0,User_4665,15
4666.0,User_4666,46
4667.0,User_4667,14
4668.0,User_4668,45
4669.0,User_4669,92
4670.0,User_4670,87
4671.0,User_4671,18
4672.0,User_4672,41
4673.0,User_4673,13
4674.0,User_4674,66
4675.0,User_4675,54
4676.0,User_4676,57
4677.0,User_4677,39
4678.0,User_4678,79
4679.0,User_4679,45
4680.0,User_4680,68
4681.0,User_4681,88
4682.0,User_4682,37
4683.0,User_4683,41
4684.0,User_4684,42
4685.0,User_4685,22
4686.0,User_4686,59
4687.0,User_4687,42
4688.0,User_4688,84
4689.0,User_4689,49
4690.0,User_4690,15
4691.0,User_4691,57
4692.0,User_4692,76
4693.0,User_4693,92
4694.0,User_4694,16
4695.0,User_4695,89
4696.0,User_4696,75
4697.0,User_4697,58
4698.0,User_4698,86
4699.0,User_4699,65
4700.0,User_4700,51
4701.0,User_4701,57
4702.0,User_4702,41
4703.0,User_4703,24
4704.0,User_4704,91
4705.0,User_4705,60
4706.0,User_4706,69
4707.0,User_4707,94
4708.0,User_4708,31
4709.0,User_4709,83
4710.0,User_4710,82
4711.0,User_4711,18
4712.0,User_4712,56
4713.0,User_4713,83
4714.0,User_4714,57
4715.0,User_4715,91
4716.0,User_4716,93
4717.0,User_4717,87
4718.0,User_4718,84
4719.0,User_4719,90
4720.0,User_4720,23
4721.0,User_4721,13
4722.0,User_4722,45
4723.0,User_4723,84
4724.0,User_4724,45
4725.0,User_4725,47
4726.0,User_4726,79
4727.0,User_4727,18
4728.0,User_4728,41
4729.0,User_4729,56
4730.0,User_4730,24
4731.0,User_4731,22
4732.0,User_4732,34
4733.0,User_4733,94
4734.0,User_4734,82
4735.0,User_4735,66
4736.0,User_4736,25
4737.0,User_4737,21
4738.0,User_4738,48
4739.0,User_4739,70
4740.0,User_4740,17
4741.0,User_4741,26
4742.0,User_4742,74
4743.0,User_4743,25
4744.0,User_4744,88
4745.0,User_4745,50
4746.0,User_4746,71
4747.0,User_4747,91
4748.0,User_4748,93
4749.0,User_4749,61
4750.0,User_4750,11
4751.0,User_4751,74
4752.0,User_4752,68
4753.0,User_4753,38
4754.0,User_4754,45
4755.0,User_4755,72
4756.0,User_4756,45
4757.0,User_4757,38
4758.0,User_4758,10
4759.0,User_4759,18
4760.0,User_4760,12
4761.0,User_4761,35
4762.0,User_4762,33
4763.0,User_4763,37
4764.0,User_4764,17
4765.0,User_4765,44
4766.0,User_4766,13
4767.0,User_4767,84
4768.0,User_4768,32
4769.0,User_4769,50
4770.0,User_4770,47
4771.0,User_4771,52
4772.0,User_4772,66
4773.0,User_4773,95
4774.0,User_4774,67
4775.0,User_4775,47
4776.0,User_4776,72
4777.0,User_4777,24
4778.0,User_4778,63
4779.0,User_4779,74
4780.0,User_4780,54
4781.0,User_4781,71
4782.0,User_4782,38
4783.0,User_4783,66
4784.0,User_4784,65
4785.0,User_4785,51
4786.0,User_4786,64
4787.0,User_4787,35
4788.0,User_4788,45
4789.0,User_4789,82
4790.0,User_4790,29
4791.0,User_4791,16
4792.0,User_4792,68
4793.0,User_4793,78
4794.0,User_4794,16
4795.0,User_4795,73
4796.0,User_4796,56
4797.0,User_4797,68
4798.0,User_4798,79
4799.0,User_4799,85
4800.0,User_4800,63
4801.0,User_4801,72
4802.0,User_4802,90
4803.0,User_4803,18
4804.0,User_4804,16
4805.0,User_4805,49
4806.0,User_4806,54
4807.0,User_4807,48
4808.0,User_4808,79
4809.0,User_4809,26
4810.0,User_4810,51
4811.0,User_4811,28
4812.0,User_4812,44
4813.0,User_4813,61
4814.0,User_4814,28
4815.0,User_4815,52
4816.0,User_4816,63
4817.0,User_4817,30
4818.0,User_4818,31
4819.0,User_4819,19
4820.0,User_4820,95
4821.0,User_4821,21
4822.0,User_4822,80
4823.0,User_4823,71
4824.0,User_4824,52
4825.0,User_4825,62
4826.0,User_4826,38
4827.0,User_4827,86
4828.0,User_4828,91
4829.0,User_4829,58
4830.0,User_4830,21
4831.0,User_4831,14
4832.0,User_4832,94
4833.0,User_4833,76
4834.0,User_4834,65
4835.0,User_4835,24
4836.0,User_4836,11
4837.0,User_4837,59
4838.0,User_4838,93
4839.0,User_4839,42
4840.0,User_4840,42
4841.0,User_4841,45
4842.0,User_4842,95
4843.0,User_4843,72
4844.0,User_4844,78
4845.0,User_4845,75
4846.0,User_4846,73
4847.0,User_4847,42
4848.0,User_4848,62
4849.0,User_4849,62
4850.0,User_4850,54
4851.0,User_4851,42
4852.0,User_4852,26
4853.0,User_4853,69
4854.0,User_4854,88
4855.0,User_4855,76
4856.0,User_4856,64
4857.0,User_4857,67
4858.0,User_4858,18
4859.0,User_4859,35
4860.0,User_4860,53
4861.0,User_4861,46
4862.0,User_4862,27
4863.0,User_4863,76
4864.0,User_4864,63
4865.0,User_4865,49
4866.0,User_4866,34
4867.0,User_4867,29
4868.0,User_4868,40
4869.0,User_4869,20
4870.0,User_4870,26
4871.0,User_4871,78
4872.0,User_4872,72
4873.0,User_4873,55
4874.0,User_4874,56
4875.0,User_4875,70
4876.0,User_4876,36
4877.0,User_4877,69
4878.0,User_4878,50
4879.0,User_4879,73
4880.0,User_4880,24
4881.0,User_4881,33
4882.0,User_4882,85
4883.0,User_4883,40
4884.0,User_4884,74
4885.0,User_4885,60
4886.0,User_4886,47
4887.0,User_4887,27
4888.0,User_4888,73
4889.0,User_4889,26
4890.0,User_4890,74
4891.0,User_4891,39
4892.0,User_4892,49
4893.0,User_4893,84
4894.0,User_4894,46
4895.0,User_4895,77
4896.0,User_4896,28
4897.0,User_4897,44
4898.0,User_4898,26
4899.0,User_4899,55
4900.0,User_4900,47
4901.0,User_4901,43
4902.0,User_4902,44
4903.0,User_4903,36
4904.0,User_4904,48
4905.0,User_4905,40
4906.0,User_4906,95
4907.0,User_4907,64
4908.0,User_4908,78
4909.0,User_4909,84
4910.0,User_4910,83
4911.0,User_4911,73
4912.0,User_4912,51
4913.0,User_4913,70
4914.0,User_4914,56
4915.0,User_4915,76
4916.0,User_4916,31
4917.0,User_4917,25
4918.0,User_4918,20
4919.0,User_4919,86
4920.0,User_4920,44
4921.0,User_4921,48
4922.0,User_4922,38
4923.0,User_4923,42
4924.0,User_4924,33
4925.0,User_4925,27
4926.0,User_4926,45
4927.0,User_4927,41
4928.0,User_4928,15
4929.0,User_4929,75
4930.0,User_4930,15
4931.0,User_4931,61
4932.0,User_4932,31
4933.0,User_4933,17
4934.0,User_4934,71
4935.0,User_4935,25
4936.0,User_4936,11
4937.0,User_4937,70
4938.0,User_4938,46
4939.0,User_4939,93
4940.0,User_4940,94
4941.0,User_4941,52
4942.0,User_4942,14
4943.0,User_4943,73
4944.0,User_4944,43
4945.0,User_4945,56
4946.0,User_4946,66
4947.0,User_4947,63
4948.0,User_4948,59
4949.0,User_4949,34
4950.0,User_4950,29
4951.0,User_4951,92
4952.0,User_4952,54
4953.0,User_4953,50
4954.0,User_4954,95
4955.0,User_4955,37
4956.0,User_4956,55
4957.0,User_4957,74
4958.0,User_4958,69
4959.0,User_4959,62
4960.0,User_4960,60
4961.0,User_4961,47
4962.0,User_4962,28
4963.0,User_4963,23
4964.0,User_4964,91
4965.0,User_4965,77
4966.0,User_4966,68
4967.0,User_4967,55
4968.0,User_4968,49
4969.0,User_4969,70
4970.0,User_4970,20
4971.0,User_4971,27
4972.0,User_4972,79
4973.0,User_4973,31
4974.0,User_4974,84
4975.0,User_4975,80
4976.0,User_4976,46
4977.0,User_4977,12
4978.0,User_4978,18
4979.0,User_4979,51
4980.0,User_4980,16
4981.0,User_4981,18
4982.0,User_4982,38
4983.0,User_4983,30
4984.0,User_4984,72
4985.0,User_4985,83
4986.0,User_4986,56
4987.0,User_4987,19
4988.0,User_4988,42
4989.0,User_4989,83
4990.0,User_4990,12
4991.0,User_4991,85
4992.0,User_4992,43
4993.0,User_4993,36
4994.0,User_4994,80
4995.0,User_4995,39
4996.0,User_4996,66
4997.0,User_4997,70
4998.0,User_4998,36
4999.0,User_4999,70
5000.0,User_5000,26
5001.0,User_5001,40
5002.0,User_5002,47
5003.0,User_5003,13
5004.0,User_5004,85
5005.0,User_5005,49
5006.0,User_5006,90
5007.0,User_5007,67
5008.0,User_5008,47
5009.0,User_5009,14
5010.0,User_5010,49
5011.0,User_5011,25
5012.0,User_5012,56
5013.0,User_5013,53
5014.0,User_5014,85
5015.0,User_5015,60
5016.0,User_5016,18
5017.0,User_5017,36
5018.0,User_5018,69
5019.0,User_5019,40
5020.0,User_5020,71
5021.0,User_5021,77
5022.0,User_5022,89
5023.0,User_5023,19
5024.0,User_5024,68
5025.0,User_5025,66
5026.0,User_5026,21
5027.0,User_5027,58
5028.0,User_5028,53
5029.0,User_5029,68
5030.0,User_5030,62
5031.0,User_5031,38
5032.0,User_5032,69
5033.0,User_5033,59
5034.0,User_5034,15
5035.0,User_5035,12
5036.0,User_5036,10
5037.0,User_5037,32
5038.0,User_5038,56
5039.0,User_5039,38
5040.0,User_5040,33
5041.0,User_5041,60
5042.0,User_5042,54
5043.0,User_5043,58
5044.0,User_5044,71
5045.0,User_5045,45
5046.0,User_5046,36
5047.0,User_5047,21
5048.0,User_5048,10
5049.0,User_5049,38
5050.0,User_5050,12
5051.0,User_5051,61
5052.0,User_5052,84
5053.0,User_5053,41
5054.0,User_5054,14
5055.0,User_5055,43
5056.0,User_5056,68
5057.0,User_5057,41
5058.0,User_5058,72
5059.0,User_5059,54
5060.0,User_5060,45
5061.0,User_5061,40
5062.0,User_5062,34
5063.0,User_5063,81
5064.0,User_5064,79
5065.0,User_5065,25
5066.0,User_5066,43
5067.0,User_5067,66
5068.0,User_5068,61
5069.0,User_5069,55
5070.0,User_5070,53
5071.0,User_5071,76
5072.0,User_5072,43
5073.0,User_5073,45
5074.0,User_5074,46
5075.0,User_5075,78
5076.0,User_5076,91
5077.0,User_5077,10
5078.0,User_5078,61
5079.0,User_5079,78
5080.0,User_5080,40
5081.0,User_5081,35
5082.0,User_5082,51
5083.0,User_5083,82
5084.0,User_5084,71
5085.0,User_5085,27
5086.0,User_5086,28
5087.0,User_5087,39
5088.0,User_5088,12
5089.0,User_5089,40
5090.0,User_5090,49
5091.0,User_5091,81
5092.0,User_5092,87
5093.0,User_5093,14
5094.0,User_5094,59
5095.0,User_5095,43
5096.0,User_5096,30
5097.0,User_5097,15
5098.0,User_5098,81
5099.0,User_5099,24
5100.0,User_5100,64
5101.0,User_5101,54
5102.0,User_5102,81
5103.0,User_5103,66
5104.0,User_5104,48
5105.0,User_5105,28
5106.0,User_5106,39
5107.0,User_5107,91
5108.0,User_5108,75
5109.0,User_5109,78
5110.0,User_5110,38
5111.0,User_5111,52
5112.0,User_5112,41
5113.0,User_5113,90
5114.0,User_5114,79
5115.0,User_5115,13
5116.0,User_5116,10
5117.0,User_5117,72
5118.0,User_5118,78
5119.0,User_5119,26
5120.0,User_5120,55
5121.0,User_5121,49
5122.0,User_5122,15
5123.0,User_5123,44
5124.0,User_5124,48
5125.0,User_5125,63
5126.0,User_5126,92
5127.0,User_5127,67
5128.0,User_5128,28
5129.0,User_5129,25
5130.0,User_5130,23
5131.0,User_5131,11
5132.0,User_5132,18
5133.0,User_5133,50
5134.0,User_5134,15
5135.0,User_5135,22
5136.0,User_5136,43
5137.0,User_5137,25
5138.0,User_5138,34
5139.0,User_5139,15
5140.0,User_5140,60
5141.0,User_5141,23
5142.0,User_5142,93
5143.0,User_5143,88
5144.0,User_5144,91
5145.0,User_5145,25
5146.0,User_5146,61
5147.0,User_5147,32
5148.0,User_5148,23
5149.0,User_5149,47
5150.0,User_5150,57
5151.0,User_5151,68
5152.0,User_5152,51
5153.0,User_5153,42
5154.0,User_5154,70
5155.0,User_5155,26
5156.0,User_5156,65
5157.0,User_5157,82
5158.0,User_5158,81
5159.0,User_5159,71
5160.0,User_5160,25
5161.0,User_5161,75
5162.0,User_5162,45
5163.0,User_5163,17
5164.0,User_5164,70
5165.0,User_5165,60
5166.0,User_5166,14
5167.0,User_5167,61
5168.0,User_5168,13
5169.0,User_5169,95
5170.0,User_5170,63
5171.0,User_5171,57
5172.0,User_5172,68
5173.0,User_5173,94
5174.0,User_5174,10
5175.0,User_5175,91
5176.0,User_5176,58
5177.0,User_5177,12
5178.0,User_5178,66
5179.0,User_5179,24
5180.0,User_5180,49
5181.0,User_5181,92
5182.0,User_5182,25
5183.0,User_5183,91
5184.0,User_5184,17
5185.0,User_5185,85
5186.0,User_5186,53
5187.0,User_5187,71
5188.0,User_5188,50
5189.0,User_5189,72
5190.0,User_5190,70
5191.0,User_5191,32
5192.0,User_5192,30
5193.0,User_5193,39
5194.0,User_5194,19
5195.0,User_5195,12
5196.0,User_5196,62
5197.0,User_5197,59
5198.0,User_5198,52
5199.0,User_5199,65
5200.0,User_5200,79
5201.0,User_5201,27
5202.0,User_5202,19
5203.0,User_5203,93
5204.0,User_5204,62
5205.0,User_5205,56
5206.0,User_5206,93
5207.0,User_5207,25
5208.0,User_5208,38
5209.0,User_5209,85
5210.0,User_5210,33
5211.0,User_5211,54
5212.0,User_5212,47
5213.0,User_5213,79
5214.0,User_5214,84
5215.0,User_5215,54
5216.0,User_5216,46
5217.0,User_5217,41
5218.0,User_5218,28
5219.0,User_5219,89
5220.0,User_5220,79
5221.0,User_5221,39
5222.0,User_5222,78
5223.0,User_5223,93
5224.0,User_5224,45
5225.0,User_5225,40
5226.0,User_5226,75
5227.0,User_5227,73
5228.0,User_5228,51
5229.0,User_5229,54
5230.0,User_5230,41
5231.0,User_5231,39
5232.0,User_5232,30
5233.0,User_5233,48
5234.0,User_5234,39
5235.0,User_5235,37
5236.0,User_5236,79
5237.0,User_5237,80
5238.0,User_5238,25
5239.0,User_5239,42
5240.0,User_5240,81
5241.0,User_5241,94
5242.0,User_5242,69
5243.0,User_5243,17
5244.0,User_5244,90
5245.0,User_5245,74
5246.0,User_5246,31
5247.0,User_5247,39
5248.0,User_5248,21
5249.0,User_5249,58
5250.0,User_5250,94
5251.0,User_5251,52
5252.0,User_5252,90
5253.0,User_5253,58
5254.0,User_5254,69
5255.0,User_5255,29
5256.0,User_5256,24
5257.0,User_5257,49
5258.0,User_5258,15
5259.0,User_5259,55
5260.0,User_5260,57
5261.0,User_5261,68
5262.0,User_5262,30
5263.0,User_5263,59
5264.0,User_5264,48
5265.0,User_5265,67
5266.0,User_5266,78
5267.0,User_5267,73
5268.0,User_5268,19
5269.0,User_5269,67
5270.0,User_5270,37
5271.0,User_5271,87
5272.0,User_5272,85
5273.0,User_5273,23
5274.0,User_5274,72
5275.0,User_5275,77
5276.0,User_5276,30
5277.0,User_5277,62
5278.0,User_5278,47
5279.0,User_5279,39
5280.0,User_5280,43
5281.0,User_5281,55
5282.0,User_5282,14
5283.0,User_5283,22
5284.0,User_5284,30
5285.0,User_5285,81
5286.0,User_5286,34
5287.0,User_5287,26
5288.0,User_5288,13
5289.0,User_5289,25
5290.0,User_5290,64
5291.0,User_5291,52
5292.0,User_5292,91
5293.0,User_5293,37
5294.0,User_5294,95
5295.0,User_5295,82
5296.0,User_5296,53
5297.0,User_5297,70
5298.0,User_5298,84
5299.0,User_5299,53
5300.0,User_5300,46
5301.0,User_5301,69
5302.0,User_5302,75
5303.0,User_5303,84
5304.0,User_5304,21
5305.0,User_5305,18
5306.0,User_5306,60
5307.0,User_5307,58
5308.0,User_5308,62
5309.0,User_5309,19
5310.0,User_5310,38
5311.0,User_5311,74
5312.0,User_5312,82
5313.0,User_5313,63
5314.0,User_5314,65
5315.0,User_5315,14
5316.0,User_5316,11
5317.0,User_5317,51
5318.0,User_5318,83
5319.0,User_5319,81
5320.0,User_5320,80
5321.0,User_5321,65
5322.0,User_5322,37
5323.0,User_5323,20
5324.0,User_5324,58
5325.0,User_5325,41
5326.0,User_5326,64
5327.0,User_5327,15
5328.0,User_5328,14
5329.0,User_5329,44
5330.0,User_5330,91
5331.0,User_5331,23
5332.0,User_5332,80
5333.0,User_5333,53
5334.0,User_5334,79
5335.0,User_5335,61
5336.0,User_5336,86
5337.0,User_5337,25
5338.0,User_5338,90
5339.0,User_5339,18
5340.0,User_5340,46
5341.0,User_5341,25
5342.0,User_5342,58
5343.0,User_5343,69
5344.0,User_5344,64
5345.0,User_5345,23
5346.0,User_5346,95
5347.0,User_5347,43
5348.0,User_5348,85
5349.0,User_5349,24
5350.0,User_5350,72
5351.0,User_5351,64
5352.0,User_5352,48
5353.0,User_5353,32
5354.0,User_5354,46
5355.0,User_5355,49
5356.0,User_5356,12
5357.0,User_5357,35
5358.0,User_5358,84
5359.0,User_5359,85
5360.0,User_5360,68
5361.0,User_5361,33
5362.0,User_5362,88
5363.0,User_5363,29
5364.0,User_5364,23
5365.0,User_5365,18
5366.0,User_5366,47
5367.0,User_5367,83
5368.0,User_5368,74
5369.0,User_5369,92
5370.0,User_5370,48
5371.0,User_5371,69
5372.0,User_5372,66
5373.0,User_5373,80
5374.0,User_5374,92
5375.0,User_5375,61
5376.0,User_5376,51
5377.0,User_5377,17
5378.0,User_5378,82
5379.0,User_5379,64
5380.0,User_5380,85
5381.0,User_5381,29
5382.0,User_5382,47
5383.0,User_5383,54
5384.0,User_5384,39
5385.0,User_5385,66
5386.0,User_5386,90
5387.0,User_5387,51
5388.0,User_5388,11
5389.0,User_5389,10
5390.0,User_5390,13
5391.0,User_5391,45
5392.0,User_5392,15
5393.0,User_5393,92
5394.0,User_5394,56
5395.0,User_5395,71
5396.0,User_5396,24
5397.0,User_5397,14
5398.0,User_5398,85
5399.0,User_5399,62
5400.0,User_5400,13
5401.0,User_5401,89
5402.0,User_5402,69
5403.0,User_5403,66
5404.0,User_5404,84
5405.0,User_5405,49
5406.0,User_5406,46
5407.0,User_5407,86
5408.0,User_5408,74
5409.0,User_5409,28
5410.0,User_5410,11
5411.0,User_5411,80
5412.0,User_5412,41
5413.0,User_5413,43
5414.0,User_5414,55
5415.0,User_5415,87
5416.0,User_5416,75
5417.0,User_5417,77
5418.0,User_5418,17
5419.0,User_5419,72
5420.0,User_5420,53
5421.0,User_5421,31
5422.0,User_5422,93
5423.0,User_5423,24
5424.0,User_5424,50
5425.0,User_5425,88
5426.0,User_5426,78
5427.0,User_5427,24
5428.0,User_5428,81
5429.0,User_5429,89
5430.0,User_5430,94
5431.0,User_5431,45
5432.0,User_5432,17
5433.0,User_5433,63
5434.0,User_5434,52
5435.0,User_5435,25
5436.0,User_5436,91
5437.0,User_5437,66
5438.0,User_5438,54
5439.0,User_5439,94
5440.0,User_5440,57
5441.0,User_5441,72
5442.0,User_5442,68
5443.0,User_5443,90
5444.0,User_5444,16
5445.0,User_5445,24
5446.0,User_5446,85
5447.0,User_5447,10
5448.0,User_5448,20
5449.0,User_5449,21
5450.0,User_5450,72
5451.0,User_5451,31
5452.0,User_5452,95
5453.0,User_5453,83
5454.0,User_5454,78
5455.0,User_5455,19
5456.0,User_5456,54
5457.0,User_5457,76
5458.0,User_5458,78
5459.0,User_5459,75
5460.0,User_5460,39
5461.0,User_5461,84
5462.0,User_5462,27
5463.0,User_5463,86
5464.0,User_5464,72
5465.0,User_5465,73
5466.0,User_5466,20
5467.0,User_5467,17
5468.0,User_5468,81
5469.0,User_5469,15
5470.0,User_5470,61
5471.0,User_5471,59
5472.0,User_5472,53
5473.0,User_5473,47
5474.0,User_5474,75
5475.0,User_5475,64
5476.0,User_5476,31
5477.0,User_5477,19
5478.0,User_5478,56
5479.0,User_5479,87
5480.0,User_5480,14
5481.0,User_5481,79
5482.0,User_5482,90
5483.0,User_5483,53
5484.0,User_5484,62
5485.0,User_5485,95
5486.0,User_5486,44
5487.0,User_5487,78
5488.0,User_5488,63
5489.0,User_5489,13
5490.0,User_5490,37
5491.0,User_5491,74
5492.0,User_5492,88
5493.0,User_5493,78
5494.0,User_5494,27
5495.0,User_5495,64
5496.0,User_5496,54
5497.0,User_5497,68
5498.0,User_5498,85
5499.0,User_5499,59
5500.0,User_5500,89
5501.0,User_5501,33
5502.0,User_5502,34
5503.0,User_5503,36
5504.0,User_5504,61
5505.0,User_5505,36
5506.0,User_5506,46
5507.0,User_5507,72
5508.0,User_5508,20
5509.0,User_5509,47
5510.0,User_5510,25
5511.0,User_5511,17
5512.0,User_5512,15
5513.0,User_5513,35
5514.0,User_5514,57
5515.0,User_5515,71
5516.0,User_5516,87
5517.0,User_5517,34
5518.0,User_5518,48
5519.0,User_5519,90
5520.0,User_5520,39
5521.0,User_5521,54
5522.0,User_5522,59
5523.0,User_5523,69
5524.0,User_5524,91
5525.0,User_5525,87
5526.0,User_5526,66
5527.0,User_5527,24
5528.0,User_5528,68
5529.0,User_5529,75
5530.0,User_5530,13
5531.0,User_5531,61
5532.0,User_5532,90
5533.0,User_5533,11
5534.0,User_5534,41
5535.0,User_5535,39
5536.0,User_5536,15
5537.0,User_5537,54
5538.0,User_5538,91
5539.0,User_5539,42
5540.0,User_5540,48
5541.0,User_5541,45
5542.0,User_5542,48
5543.0,User_5543,50
5544.0,User_5544,22
5545.0,User_5545,59
5546.0,User_5546,65
5547.0,User_5547,89
5548.0,User_5548,17
5549.0,User_5549,15
5550.0,User_5550,95
5551.0,User_5551,76
5552.0,User_5552,13
5553.0,User_5553,69
5554.0,User_5554,57
5555.0,User_5555,88
5556.0,User_5556,45
5557.0,User_5557,51
5558.0,User_5558,50
5559.0,User_5559,75
5560.0,User_5560,27
5561.0,User_5561,89
5562.0,User_5562,68
5563.0,User_5563,93
5564.0,User_5564,14
5565.0,User_5565,24
5566.0,User_5566,37
5567.0,User_5567,72
5568.0,User_5568,85
5569.0,User_5569,35
5570.0,User_5570,50
5571.0,User_5571,74
5572.0,User_5572,70
5573.0,User_5573,13
5574.0,User_5574,95
5575.0,User_5575,69
5576.0,User_5576,76
5577.0,User_5577,81
5578.0,User_5578,77
5579.0,User_5579,29
5580.0,User_5580,45
5581.0,User_5581,84
5582.0,User_5582,67
5583.0,User_5583,12
5584.0,User_5584,69
5585.0,User_5585,90
5586.0,User_5586,33
5587.0,User_5587,59
5588.0,User_5588,72
5589.0,User_5589,53
5590.0,User_5590,34
5591.0,User_5591,94
5592.0,User_5592,46
5593.0,User_5593,12
5594.0,User_5594,95
5595.0,User_5595,72
5596.0,User_5596,28
5597.0,User_5597,13
5598.0,User_5598,49
5599.0,User_5599,84
5600.0,User_5600,70
5601.0,User_5601,39
5602.0,User_5602,59
5603.0,User_5603,82
5604.0,User_5604,46
5605.0,User_5605,58
5606.0,User_5606,30
5607.0,User_5607,24
5608.0,User_5608,55
5609.0,User_5609,34
5610.0,User_5610,60
5611.0,User_5611,86
5612.0,User_5612,38
5613.0,User_5613,79
5614.0,User_5614,51
5615.0,User_5615,37
5616.0,User_5616,58
5617.0,User_5617,39
5618.0,User_5618,32
5619.0,User_5619,49
5620.0,User_5620,93
5621.0,User_5621,56
5622.0,User_5622,26
5623.0,User_5623,90
5624.0,User_5624,24
5625.0,User_5625,27
5626.0,User_5626,36
5627.0,User_5627,41
5628.0,User_5628,40
5629.0,User_5629,19
5630.0,User_5630,71
5631.0,User_5631,95
5632.0,User_5632,93
5633.0,User_5633,33
5634.0,User_5634,69
5635.0,User_5635,21
5636.0,User_5636,88
5637.0,User_5637,51
5638.0,User_5638,18
5639.0,User_5639,43
5640.0,User_5640,47
5641.0,User_5641,36
5642.0,User_5642,16
5643.0,User_5643,69
5644.0,User_5644,88
5645.0,User_5645,23
5646.0,User_5646,78
5647.0,User_5647,23
5648.0,User_5648,74
5649.0,User_5649,17
5650.0,User_5650,16
5651.0,User_5651,20
5652.0,User_5652,73
5653.0,User_5653,56
5654.0,User_5654,60
5655.0,User_5655,19
5656.0,User_5656,68
5657.0,User_5657,71
5658.0,User_5658,83
5659.0,User_5659,27
5660.0,User_5660,51
5661.0,User_5661,53
5662.0,User_5662,11
5663.0,User_5663,56
5664.0,User_5664,85
5665.0,User_5665,70
5666.0,User_5666,20
5667.0,User_5667,66
5668.0,User_5668,62
5669.0,User_5669,67
5670.0,User_5670,27
5671.0,User_5671,17
5672.0,User_5672,72
5673.0,User_5673,95
5674.0,User_5674,39
5675.0,User_5675,73
5676.0,User_5676,27
5677.0,User_5677,48
5678.0,User_5678,35
5679.0,User_5679,51
5680.0,User_5680,93
5681.0,User_5681,53
5682.0,User_5682,94
5683.0,User_5683,15
5684.0,User_5684,78
5685.0,User_5685,53
5686.0,User_5686,82
5687.0,User_5687,53
5688.0,User_5688,48
5689.0,User_5689,53
5690.0,User_5690,17
5691.0,User_5691,23
5692.0,User_5692,71
5693.0,User_5693,73
5694.0,User_5694,55
5695.0,User_5695,88
5696.0,User_5696,39
5697.0,User_5697,60
5698.0,User_5698,80
5699.0,User_5699,11
5700.0,User_5700,33
5701.0,User_5701,58
5702.0,User_5702,63
5703.0,User_5703,42
5704.0,User_5704,14
5705.0,User_5705,43
5706.0,User_5706,35
5707.0,User_5707,34
5708.0,User_5708,11
5709.0,User_5709,23
5710.0,User_5710,34
5711.0,User_5711,38
5712.0,User_5712,88
5713.0,User_5713,82
5714.0,User_5714,16
5715.0,User_5715,52
5716.0,User_5716,79
5717.0,User_5717,20
5718.0,User_5718,84
5719.0,User_5719,57
5720.0,User_5720,62
5721.0,User_5721,17
5722.0,User_5722,62
5723.0,User_5723,21
5724.0,User_5724,92
5725.0,User_5725,17
5726.0,User_5726,32
5727.0,User_5727,73
5728.0,User_5728,35
5729.0,User_5729,40
5730.0,User_5730,38
5731.0,User_5731,13
5732.0,User_5732,36
5733.0,User_5733,53
5734.0,User_5734,47
5735.0,User_5735,80
5736.0,User_5736,84
5737.0,User_5737,70
5738.0,User_5738,30
5739.0,User_5739,52
5740.0,User_5740,62
5741.0,User_5741,31
5742.0,User_5742,61
5743.0,User_5743,75
5744.0,User_5744,26
5745.0,User_5745,40
5746.0,User_5746,62
5747.0,User_5747,71
5748.0,User_5748,92
5749.0,User_5749,23
5750.0,User_5750,39
5751.0,User_5751,76
5752.0,User_5752,47
5753.0,User_5753,62
5754.0,User_5754,92
5755.0,User_5755,10
5756.0,User_5756,11
5757.0,User_5757,92
5758.0,User_5758,77
5759.0,User_5759,68
5760.0,User_5760,16
5761.0,User_5761,55
5762.0,User_5762,26
5763.0,User_5763,14
5764.0,User_5764,76
5765.0,User_5765,74
5766.0,User_5766,13
5767.0,User_5767,85
5768.0,User_5768,69
5769.0,User_5769,31
5770.0,User_5770,79
5771.0,User_5771,33
5772.0,User_5772,63
5773.0,User_5773,55
5774.0,User_5774,33
5775.0,User_5775,68
5776.0,User_5776,66
5777.0,User_5777,78
5778.0,User_5778,91
5779.0,User_5779,15
5780.0,User_5780,94
5781.0,User_5781,14
5782.0,User_5782,47
5783.0,User_5783,21
5784.0,User_5784,47
5785.0,User_5785,88
5786.0,User_5786,23
5787.0,User_5787,30
5788.0,User_5788,86
5789.0,User_5789,62
5790.0,User_5790,53
5791.0,User_5791,30
5792.0,User_5792,81
5793.0,User_5793,46
5794.0,User_5794,32
5795.0,User_5795,92
5796.0,User_5796,59
5797.0,User_5797,68
5798.0,User_5798,64
5799.0,User_5799,62
5800.0,User_5800,56
5801.0,User_5801,72
5802.0,User_5802,55
5803.0,User_5803,66
5804.0,User_5804,79
5805.0,User_5805,74
5806.0,User_5806,69
5807.0,User_5807,89
5808.0,User_5808,42
5809.0,User_5809,64
5810.0,User_5810,24
5811.0,User_5811,15
5812.0,User_5812,79
5813.0,User_5813,17
5814.0,User_5814,71
5815.0,User_5815,64
5816.0,User_5816,91
5817.0,User_5817,70
5818.0,User_5818,41
5819.0,User_5819,65
5820.0,User_5820,57
5821.0,User_5821,89
5822.0,User_5822,64
5823.0,User_5823,28
5824.0,User_5824,65
5825.0,User_5825,52
5826.0,User_5826,19
5827.0,User_5827,88
5828.0,User_5828,38
5829.0,User_5829,72
5830.0,User_5830,63
5831.0,User_5831,61
5832.0,User_5832,47
5833.0,User_5833,50
5834.0,User_5834,22
5835.0,User_5835,64
5836.0,User_5836,68
5837.0,User_5837,60
5838.0,User_5838,27
5839.0,User_5839,24
5840.0,User_5840,54
5841.0,User_5841,28
5842.0,User_5842,84
5843.0,User_5843,49
5844.0,User_5844,91
5845.0,User_5845,51
5846.0,User_5846,66
5847.0,User_5847,45
5848.0,User_5848,95
5849.0,User_5849,70
5850.0,User_5850,10
5851.0,User_5851,24
5852.0,User_5852,62
5853.0,User_5853,89
5854.0,User_5854,49
5855.0,User_5855,21
5856.0,User_5856,24
5857.0,User_5857,39
5858.0,User_5858,72
5859.0,User_5859,42
5860.0,User_5860,58
5861.0,User_5861,75
5862.0,User_5862,11
5863.0,User_5863,90
5864.0,User_5864,39
5865.0,User_5865,88
5866.0,User_5866,24
5867.0,User_5867,53
5868.0,User_5868,11
5869.0,User_5869,82
5870.0,User_5870,66
5871.0,User_5871,22
5872.0,User_5872,54
5873.0,User_5873,62
5874.0,User_5874,22
5875.0,User_5875,24
5876.0,User_5876,66
5877.0,User_5877,95
5878.0,User_5878,57
5879.0,User_5879,13
5880.0,User_5880,36
5881.0,User_5881,74
5882.0,User_5882,88
5883.0,User_5883,79
5884.0,User_5884,81
5885.0,User_5885,76
5886.0,User_5886,90
5887.0,User_5887,90
5888.0,User_5888,26
5889.0,User_5889,19
5890.0,User_5890,74
5891.0,User_5891,86
5892.0,User_5892,63
5893.0,User_5893,68
5894.0,User_5894,21
5895.0,User_5895,75
5896.0,User_5896,94
5897.0,User_5897,14
5898.0,User_5898,57
5899.0,User_5899,61
5900.0,User_5900,94
5901.0,User_5901,80
5902.0,User_5902,70
5903.0,User_5903,18
5904.0,User_5904,26
5905.0,User_5905,48
5906.0,User_5906,51
5907.0,User_5907,86
5908.0,User_5908,88
5909.0,User_5909,84
5910.0,User_5910,73
5911.0,User_5911,37
5912.0,User_5912,24
5913.0,User_5913,83
5914.0,User_5914,10
5915.0,User_5915,75
5916.0,User_5916,89
5917.0,User_5917,31
5918.0,User_5918,90
5919.0,User_5919,51
5920.0,User_5920,90
5921.0,User_5921,67
5922.0,User_5922,47
5923.0,User_5923,91
5924.0,User_5924,57
5925.0,User_5925,35
5926.0,User_5926,48
5927.0,User_5927,24
5928.0,User_5928,31
5929.0,User_5929,86
5930.0,User_5930,34
5931.0,User_5931,38
5932.0,User_5932,11
5933.0,User_5933,50
5934.0,User_5934,38
5935.0,User_5935,90
5936.0,User_5936,35
5937.0,User_5937,38
5938.0,User_5938,31
5939.0,User_5939,63
5940.0,User_5940,36
5941.0,User_5941,45
5942.0,User_5942,54
5943.0,User_5943,82
5944.0,User_5944,59
5945.0,User_5945,78
5946.0,User_5946,91
5947.0,User_5947,59
5948.0,User_5948,44
5949.0,User_5949,16
5950.0,User_5950,95
5951.0,User_5951,44
5952.0,User_5952,84
5953.0,User_5953,12
5954.0,User_5954,23
5955.0,User_5955,40
5956.0,User_5956,90
5957.0,User_5957,92
5958.0,User_5958,83
5959.0,User_5959,45
5960.0,User_5960,73
5961.0,User_5961,58
5962.0,User_5962,30
5963.0,User_5963,81
5964.0,User_5964,91
5965.0,User_5965,46
5966.0,User_5966,12
5967.0,User_5967,10
5968.0,User_5968,37
5969.0,User_5969,92
5970.0,User_5970,15
5971.0,User_5971,16
5972.0,User_5972,37
5973.0,User_5973,55
5974.0,User_5974,37
5975.0,User_5975,22
5976.0,User_5976,24
5977.0,User_5977,70
5978.0,User_5978,89
5979.0,User_5979,45
5980.0,User_5980,14
5981.0,User_5981,11
5982.0,User_5982,58
5983.0,User_5983,74
5984.0,User_5984,87
5985.0,User_5985,75
5986.0,User_5986,54
5987.0,User_5987,90
5988.0,User_5988,48
5989.0,User_5989,70
5990.0,User_5990,13
5991.0,User_5991,90
5992.0,User_5992,47
5993.0,User_5993,90
5994.0,User_5994,84
5995.0,User_5995,69
5996.0,User_5996,52
5997.0,User_5997,13
5998.0,User_5998,58
5999.0,User_5999,67
6000.0,User_6000,59
6001.0,User_6001,93
6002.0,User_6002,84
6003.0,User_6003,87
6004.0,User_6004,52
6005.0,User_6005,93
6006.0,User_6006,13
6007.0,User_6007,77
6008.0,User_6008,45
6009.0,User_6009,30
6010.0,User_6010,57
6011.0,User_6011,94
6012.0,User_6012,37
6013.0,User_6013,64
6014.0,User_6014,60
6015.0,User_6015,68
6016.0,User_6016,44
6017.0,User_6017,26
6018.0,User_6018,67
6019.0,User_6019,94
6020.0,User_6020,11
6021.0,User_6021,68
6022.0,User_6022,36
6023.0,User_6023,73
6024.0,User_6024,67
6025.0,User_6025,71
6026.0,User_6026,58
6027.0,User_6027,82
6028.0,User_6028,51
6029.0,User_6029,28
6030.0,User_6030,35
6031.0,User_6031,82
6032.0,User_6032,28
6033.0,User_6033,78
6034.0,User_6034,83
6035.0,User_6035,49
6036.0,User_6036,65
6037.0,User_6037,50
6038.0,User_6038,52
6039.0,User_6039,14
6040.0,User_6040,10
6041.0,User_6041,11
6042.0,User_6042,87
6043.0,User_6043,34
6044.0,User_6044,18
6045.0,User_6045,75
6046.0,User_6046,16
6047.0,User_6047,48
6048.0,User_6048,21
6049.0,User_6049,49
6050.0,User_6050,19
6051.0,User_6051,95
6052.0,User_6052,89
6053.0,User_6053,71
6054.0,User_6054,20
6055.0,User_6055,54
6056.0,User_6056,21
6057.0,User_6057,86
6058.0,User_6058,75
6059.0,User_6059,14
6060.0,User_6060,57
6061.0,User_6061,89
6062.0,User_6062,69
6063.0,User_6063,12
6064.0,User_6064,65
6065.0,User_6065,43
6066.0,User_6066,63
6067.0,User_6067,89
6068.0,User_6068,24
6069.0,User_6069,30
6070.0,User_6070,37
6071.0,User_6071,33
6072.0,User_6072,25
6073.0,User_6073,24
6074.0,User_6074,56
6075.0,User_6075,32
6076.0,User_6076,58
6077.0,User_6077,25
6078.0,User_6078,53
6079.0,User_6079,51
6080.0,User_6080,81
6081.0,User_6081,20
6082.0,User_6082,40
6083.0,User_6083,86
6084.0,User_6084,22
6085.0,User_6085,61
6086.0,User_6086,40
6087.0,User_6087,16
6088.0,User_6088,90
6089.0,User_6089,30
6090.0,User_6090,33
6091.0,User_6091,43
6092.0,User_6092,27
6093.0,User_6093,17
6094.0,User_6094,85
6095.0,User_6095,45
6096.0,User_6096,75
6097.0,User_6097,67
6098.0,User_6098,18
6099.0,User_6099,45
6100.0,User_6100,86
6101.0,User_6101,75
6102.0,User_6102,37
6103.0,User_6103,24
6104.0,User_6104,58
6105.0,User_6105,41
6106.0,User_6106,24
6107.0,User_6107,25
6108.0,User_6108,20
6109.0,User_6109,49
6110.0,User_6110,52
6111.0,User_6111,58
6112.0,User_6112,31
6113.0,User_6113,42
6114.0,User_6114,43
6115.0,User_6115,31
6116.0,User_6116,82
6117.0,User_6117,73
6118.0,User_6118,42
6119.0,User_6119,65
6120.0,User_6120,29
6121.0,User_6121,95
6122.0,User_6122,24
6123.0,User_6123,83
6124.0,User_6124,15
6125.0,User_6125,22
6126.0,User_6126,33
6127.0,User_6127,21
6128.0,User_6128,40
6129.0,User_6129,24
6130.0,User_6130,74
6131.0,User_6131,10
6132.0,User_6132,48
6133.0,User_6133,25
6134.0,User_6134,91
6135.0,User_6135,19
6136.0,User_6136,62
6137.0,User_6137,95
6138.0,User_6138,72
6139.0,User_6139,49
6140.0,User_6140,93
6141.0,User_6141,45
6142.0,User_6142,65
6143.0,User_6143,65
6144.0,User_6144,93
6145.0,User_6145,26
6146.0,User_6146,70
6147.0,User_6147,15
6148.0,User_6148,58
6149.0,User_6149,77
6150.0,User_6150,39
6151.0,User_6151,27
6152.0,User_6152,13
6153.0,User_6153,22
6154.0,User_6154,92
6155.0,User_6155,19
6156.0,User_6156,77
6157.0,User_6157,22
6158.0,User_6158,59
6159.0,User_6159,72
6160.0,User_6160,86
6161.0,User_6161,62
6162.0,User_6162,38
6163.0,User_6163,73
6164.0,User_6164,95
6165.0,User_6165,69
6166.0,User_6166,67
6167.0,User_6167,68
6168.0,User_6168,19
6169.0,User_6169,28
6170.0,User_6170,24
6171.0,User_6171,28
6172.0,User_6172,43
6173.0,User_6173,51
6174.0,User_6174,26
6175.0,User_6175,41
6176.0,User_6176,72
6177.0,User_6177,30
6178.0,User_6178,25
6179.0,User_6179,56
6180.0,User_6180,33
6181.0,User_6181,37
6182.0,User_6182,79
6183.0,User_6183,69
6184.0,User_6184,78
6185.0,User_6185,48
6186.0,User_6186,66
6187.0,User_6187,66
6188.0,User_6188,34
6189.0,User_6189,53
6190.0,User_6190,92
6191.0,User_6191,54
6192.0,User_6192,29
6193.0,User_6193,69
6194.0,User_6194,46
6195.0,User_6195,35
6196.0,User_6196,87
6197.0,User_6197,39
6198.0,User_6198,60
6199.0,User_6199,15
6200.0,User_6200,27
6201.0,User_6201,26
6202.0,User_6202,60
6203.0,User_6203,62
6204.0,User_6204,34
6205.0,User_6205,24
6206.0,User_6206,53
6207.0,User_6207,27
6208.0,User_6208,75
6209.0,User_6209,94
6210.0,User_6210,90
6211.0,User_6211,76
6212.0,User_6212,45
6213.0,User_6213,59
6214.0,User_6214,62
6215.0,User_6215,51
6216.0,User_6216,25
6217.0,User_6217,67
6218.0,User_6218,87
6219.0,User_6219,54
6220.0,User_6220,54
6221.0,User_6221,17
6222.0,User_6222,49
6223.0,User_6223,12
6224.0,User_6224,34
6225.0,User_6225,58
6226.0,User_6226,13
6227.0,User_6227,29
6228.0,User_6228,47
6229.0,User_6229,54
6230.0,User_6230,29
6231.0,User_6231,73
6232.0,User_6232,84
6233.0,User_6233,30
6234.0,User_6234,92
6235.0,User_6235,42
6236.0,User_6236,54
6237.0,User_6237,27
6238.0,User_6238,33
6239.0,User_6239,90
6240.0,User_6240,60
6241.0,User_6241,32
6242.0,User_6242,94
6243.0,User_6243,79
6244.0,User_6244,26
6245.0,User_6245,41
6246.0,User_6246,44
6247.0,User_6247,18
6248.0,User_6248,91
6249.0,User_6249,58
6250.0,User_6250,33
6251.0,User_6251,53
6252.0,User_6252,41
6253.0,User_6253,51
6254.0,User_6254,52
6255.0,User_6255,74
6256.0,User_6256,39
6257.0,User_6257,78
6258.0,User_6258,38
6259.0,User_6259,23
6260.0,User_6260,15
6261.0,User_6261,43
6262.0,User_6262,37
6263.0,User_6263,94
6264.0,User_6264,38
6265.0,User_6265,85
6266.0,User_6266,38
6267.0,User_6267,69
6268.0,User_6268,63
6269.0,User_6269,87
6270.0,User_6270,63
6271.0,User_6271,30
6272.0,User_6272,13
6273.0,User_6273,16
6274.0,User_6274,39
6275.0,User_6275,50
6276.0,User_6276,26
6277.0,User_6277,77
6278.0,User_6278,74
6279.0,User_6279,65
6280.0,User_6280,46
6281.0,User_6281,10
6282.0,User_6282,62
6283.0,User_6283,60
6284.0,User_6284,93
6285.0,User_6285,74
6286.0,User_6286,68
6287.0,User_6287,49
6288.0,User_6288,70
6289.0,User_6289,33
6290.0,User_6290,94
6291.0,User_6291,77
6292.0,User_6292,43
6293.0,User_6293,82
6294.0,User_6294,68
6295.0,User_6295,40
6296.0,User_6296,78
6297.0,User_6297,42
6298.0,User_6298,87
6299.0,User_6299,11
6300.0,User_6300,94
6301.0,User_6301,56
6302.0,User_6302,74
6303.0,User_6303,91
6304.0,User_6304,63
6305.0,User_6305,76
6306.0,User_6306,64
6307.0,User_6307,54
6308.0,User_6308,89
6309.0,User_6309,10
6310.0,User_6310,49
6311.0,User_6311,11
6312.0,User_6312,81
6313.0,User_6313,40
6314.0,User_6314,57
6315.0,User_6315,15
6316.0,User_6316,52
6317.0,User_6317,67
6318.0,User_6318,35
6319.0,User_6319,70
6320.0,User_6320,77
6321.0,User_6321,66
6322.0,User_6322,30
6323.0,User_6323,77
6324.0,User_6324,48
6325.0,User_6325,35
6326.0,User_6326,24
6327.0,User_6327,42
6328.0,User_6328,21
6329.0,User_6329,25
6330.0,User_6330,92
6331.0,User_6331,79
6332.0,User_6332,84
6333.0,User_6333,79
6334.0,User_6334,86
6335.0,User_6335,73
6336.0,User_6336,64
6337.0,User_6337,31
6338.0,User_6338,81
6339.0,User_6339,73
6340.0,User_6340,43
6341.0,User_6341,85
6342.0,User_6342,72
6343.0,User_6343,67
6344.0,User_6344,32
6345.0,User_6345,70
6346.0,User_6346,32
6347.0,User_6347,92
6348.0,User_6348,69
6349.0,User_6349,55
6350.0,User_6350,80
6351.0,User_6351,82
6352.0,User_6352,15
6353.0,User_6353,18
6354.0,User_6354,38
6355.0,User_6355,49
6356.0,User_6356,37
6357.0,User_6357,33
6358.0,User_6358,20
6359.0,User_6359,79
6360.0,User_6360,45
6361.0,User_6361,43
6362.0,User_6362,21
6363.0,User_6363,85
6364.0,User_6364,46
6365.0,User_6365,60
6366.0,User_6366,90
6367.0,User_6367,24
6368.0,User_6368,34
6369.0,User_6369,32
6370.0,User_6370,27
6371.0,User_6371,95
6372.0,User_6372,32
6373.0,User_6373,35
6374.0,User_6374,47
6375.0,User_6375,78
6376.0,User_6376,60
6377.0,User_6377,79
6378.0,User_6378,60
6379.0,User_6379,61
6380.0,User_6380,52
6381.0,User_6381,53
6382.0,User_6382,66
6383.0,User_6383,48
6384.0,User_6384,79
6385.0,User_6385,12
6386.0,User_6386,39
6387.0,User_6387,90
6388.0,User_6388,60
6389.0,User_6389,29
6390.0,User_6390,77
6391.0,User_6391,94
6392.0,User_6392,42
6393.0,User_6393,79
6394.0,User_6394,59
6395.0,User_6395,15
6396.0,User_6396,56
6397.0,User_6397,34
6398.0,User_6398,80
6399.0,User_6399,16
6400.0,User_6400,36
6401.0,User_6401,86
6402.0,User_6402,92
6403.0,User_6403,57
6404.0,User_6404,42
6405.0,User_6405,12
6406.0,User_6406,44
6407.0,User_6407,74
6408.0,User_6408,52
6409.0,User_6409,72
6410.0,User_6410,46
6411.0,User_6411,55
6412.0,User_6412,44
6413.0,User_6413,14
6414.0,User_6414,83
6415.0,User_6415,75
6416.0,User_6416,23
6417.0,User_6417,61
6418.0,User_6418,87
6419.0,User_6419,49
6420.0,User_6420,13
6421.0,User_6421,57
6422.0,User_6422,90
6423.0,User_6423,88
6424.0,User_6424,85
6425.0,User_6425,64
6426.0,User_6426,60
6427.0,User_6427,91
6428.0,User_6428,44
6429.0,User_6429,17
6430.0,User_6430,91
6431.0,User_6431,36
6432.0,User_6432,12
6433.0,User_6433,87
6434.0,User_6434,53
6435.0,User_6435,81
6436.0,User_6436,75
6437.0,User_6437,13
6438.0,User_6438,91
6439.0,User_6439,17
6440.0,User_6440,50
6441.0,User_6441,80
6442.0,User_6442,24
6443.0,User_6443,82
6444.0,User_6444,41
6445.0,User_6445,66
6446.0,User_6446,36
6447.0,User_6447,78
6448.0,User_6448,60
6449.0,User_6449,87
6450.0,User_6450,74
6451.0,User_6451,52
6452.0,User_6452,11
6453.0,User_6453,80
6454.0,User_6454,12
6455.0,User_6455,88
6456.0,User_6456,17
6457.0,User_6457,33
6458.0,User_6458,16
6459.0,User_6459,83
6460.0,User_6460,71
6461.0,User_6461,12
6462.0,User_6462,27
6463.0,User_6463,16
6464.0,User_6464,71
6465.0,User_6465,32
6466.0,User_6466,88
6467.0,User_6467,32
6468.0,User_6468,20
6469.0,User_6469,24
6470.0,User_6470,66
6471.0,User_6471,62
6472.0,User_6472,44
6473.0,User_6473,36
6474.0,User_6474,79
6475.0,User_6475,86
6476.0,User_6476,71
6477.0,User_6477,84
6478.0,User_6478,33
6479.0,User_6479,50
6480.0,User_6480,72
6481.0,User_6481,47
6482.0,User_6482,19
6483.0,User_6483,16
6484.0,User_6484,53
6485.0,User_6485,59
6486.0,User_6486,68
6487.0,User_6487,93
6488.0,User_6488,90
6489.0,User_6489,90
6490.0,User_6490,23
6491.0,User_6491,51
6492.0,User_6492,15
6493.0,User_6493,27
6494.0,User_6494,80
6495.0,User_6495,88
6496.0,User_6496,11
6497.0,User_6497,48
6498.0,User_6498,45
6499.0,User_6499,80
6500.0,User_6500,73
6501.0,User_6501,14
6502.0,User_6502,57
6503.0,User_6503,10
6504.0,User_6504,24
6505.0,User_6505,70
6506.0,User_6506,11
6507.0,User_6507,94
6508.0,User_6508,62
6509.0,User_6509,14
6510.0,User_6510,42
6511.0,User_6511,38
6512.0,User_6512,42
6513.0,User_6513,80
6514.0,User_6514,25
6515.0,User_6515,95
6516.0,User_6516,92
6517.0,User_6517,39
6518.0,User_6518,26
6519.0,User_6519,38
6520.0,User_6520,95
6521.0,User_6521,14
6522.0,User_6522,76
6523.0,User_6523,84
6524.0,User_6524,81
6525.0,User_6525,33
6526.0,User_6526,38
6527.0,User_6527,15
6528.0,User_6528,71
6529.0,User_6529,32
6530.0,User_6530,45
6531.0,User_6531,38
6532.0,User_6532,93
6533.0,User_6533,74
6534.0,User_6534,25
6535.0,User_6535,21
6536.0,User_6536,32
6537.0,User_6537,76
6538.0,User_6538,46
6539.0,User_6539,21
6540.0,User_6540,43
6541.0,User_6541,78
6542.0,User_6542,53
6543.0,User_6543,70
6544.0,User_6544,15
6545.0,User_6545,29
6546.0,User_6546,72
6547.0,User_6547,20
6548.0,User_6548,43
6549.0,User_6549,51
6550.0,User_6550,39
6551.0,User_6551,67
6552.0,User_6552,47
6553.0,User_6553,72
6554.0,User_6554,31
6555.0,User_6555,62
6556.0,User_6556,37
6557.0,User_6557,49
6558.0,User_6558,34
6559.0,User_6559,72
6560.0,User_6560,89
6561.0,User_6561,64
6562.0,User_6562,75
6563.0,User_6563,46
6564.0,User_6564,94
6565.0,User_6565,40
6566.0,User_6566,83
6567.0,User_6567,68
6568.0,User_6568,20
6569.0,User_6569,77
6570.0,User_6570,41
6571.0,User_6571,67
6572.0,User_6572,16
6573.0,User_6573,44
6574.0,User_6574,17
6575.0,User_6575,34
6576.0,User_6576,29
6577.0,User_6577,11
6578.0,User_6578,13
6579.0,User_6579,39
6580.0,User_6580,26
6581.0,User_6581,20
6582.0,User_6582,30
6583.0,User_6583,35
6584.0,User_6584,60
6585.0,User_6585,23
6586.0,User_6586,79
6587.0,User_6587,83
6588.0,User_6588,79
6589.0,User_6589,52
6590.0,User_6590,79
6591.0,User_6591,58
6592.0,User_6592,12
6593.0,User_6593,58
6594.0,User_6594,81
6595.0,User_6595,31
6596.0,User_6596,58
6597.0,User_6597,62
6598.0,User_6598,37
6599.0,User_6599,53
6600.0,User_6600,27
6601.0,User_6601,72
6602.0,User_6602,14
6603.0,User_6603,62
6604.0,User_6604,88
6605.0,User_6605,13
6606.0,User_6606,82
6607.0,User_6607,95
6608.0,User_6608,89
6609.0,User_6609,11
6610.0,User_6610,65
6611.0,User_6611,44
6612.0,User_6612,67
6613.0,User_6613,83
6614.0,User_6614,60
6615.0,User_6615,78
6616.0,User_6616,86
6617.0,User_6617,30
6618.0,User_6618,41
6619.0,User_6619,34
6620.0,User_6620,56
6621.0,User_6621,67
6622.0,User_6622,18
6623.0,User_6623,85
6624.0,User_6624,70
6625.0,User_6625,95
6626.0,User_6626,83
6627.0,User_6627,35
6628.0,User_6628,52
6629.0,User_6629,70
6630.0,User_6630,60
6631.0,User_6631,52
6632.0,User_6632,28
6633.0,User_6633,53
6634.0,User_6634,28
6635.0,User_6635,12
6636.0,User_6636,51
6637.0,User_6637,71
6638.0,User_6638,84
6639.0,User_6639,76
6640.0,User_6640,66
6641.0,User_6641,28
6642.0,User_6642,46
6643.0,User_6643,79
6644.0,User_6644,85
6645.0,User_6645,65
6646.0,User_6646,19
6647.0,User_6647,54
6648.0,User_6648,42
6649.0,User_6649,23
6650.0,User_6650,53
6651.0,User_6651,34
6652.0,User_6652,26
6653.0,User_6653,74
6654.0,User_6654,32
6655.0,User_6655,38
6656.0,User_6656,84
6657.0,User_6657,74
6658.0,User_6658,67
6659.0,User_6659,89
6660.0,User_6660,48
6661.0,User_6661,67
6662.0,User_6662,13
6663.0,User_6663,14
6664.0,User_6664,92
6665.0,User_6665,27
6666.0,User_6666,83
6667.0,User_6667,69
6668.0,User_6668,22
6669.0,User_6669,84
6670.0,User_6670,54
6671.0,User_6671,25
6672.0,User_6672,62
6673.0,User_6673,91
6674.0,User_6674,66
6675.0,User_6675,48
6676.0,User_6676,31
6677.0,User_6677,45
6678.0,User_6678,62
6679.0,User_6679,75
6680.0,User_6680,58
6681.0,User_6681,13
6682.0,User_6682,89
6683.0,User_6683,12
6684.0,User_6684,31
6685.0,User_6685,12
6686.0,User_6686,95
6687.0,User_6687,26
6688.0,User_6688,30
6689.0,User_6689,16
6690.0,User_6690,82
6691.0,User_6691,61
6692.0,User_6692,11
6693.0,User_6693,13
6694.0,User_6694,56
6695.0,User_6695,74
6696.0,User_6696,41
6697.0,User_6697,35
6698.0,User_6698,18
6699.0,User_6699,63
6700.0,User_6700,31
6701.0,User_6701,20
6702.0,User_6702,67
6703.0,User_6703,59
6704.0,User_6704,62
6705.0,User_6705,32
6706.0,User_6706,56
6707.0,User_6707,68
6708.0,User_6708,93
6709.0,User_6709,88
6710.0,User_6710,64
6711.0,User_6711,76
6712.0,User_6712,45
6713.0,User_6713,78
6714.0,User_6714,16
6715.0,User_6715,94
6716.0,User_6716,31
6717.0,User_6717,34
6718.0,User_6718,54
6719.0,User_6719,20
6720.0,User_6720,56
6721.0,User_6721,58
6722.0,User_6722,39
6723.0,User_6723,75
6724.0,User_6724,14
6725.0,User_6725,74
6726.0,User_6726,46
6727.0,User_6727,60
6728.0,User_6728,61
6729.0,User_6729,84
6730.0,User_6730,42
6731.0,User_6731,57
6732.0,User_6732,45
6733.0,User_6733,34
6734.0,User_6734,75
6735.0,User_6735,54
6736.0,User_6736,32
6737.0,User_6737,41
6738.0,User_6738,79
6739.0,User_6739,83
6740.0,User_6740,30
6741.0,User_6741,49
6742.0,User_6742,20
6743.0,User_6743,51
6744.0,User_6744,93
6745.0,User_6745,32
6746.0,User_6746,37
6747.0,User_6747,69
6748.0,User_6748,41
6749.0,User_6749,77
6750.0,User_6750,62
6751.0,User_6751,49
6752.0,User_6752,14
6753.0,User_6753,75
6754.0,User_6754,29
6755.0,User_6755,32
6756.0,User_6756,30
6757.0,User_6757,94
6758.0,User_6758,76
6759.0,User_6759,88
6760.0,User_6760,83
6761.0,User_6761,66
6762.0,User_6762,83
6763.0,User_6763,56
6764.0,User_6764,94
6765.0,User_6765,52
6766.0,User_6766,86
6767.0,User_6767,74
6768.0,User_6768,44
6769.0,User_6769,82
6770.0,User_6770,83
6771.0,User_6771,41
6772.0,User_6772,51
6773.0,User_6773,92
6774.0,User_6774,12
6775.0,User_6775,29
6776.0,User_6776,89
6777.0,User_6777,25
6778.0,User_6778,68
6779.0,User_6779,85
6780.0,User_6780,28
6781.0,User_6781,28
6782.0,User_6782,76
6783.0,User_6783,85
6784.0,User_6784,87
6785.0,User_6785,31
6786.0,User_6786,92
6787.0,User_6787,76
6788.0,User_6788,39
6789.0,User_6789,44
6790.0,User_6790,34
6791.0,User_6791,44
6792.0,User_6792,59
6793.0,User_6793,94
6794.0,User_6794,49
6795.0,User_6795,60
6796.0,User_6796,86
6797.0,User_6797,94
6798.0,User_6798,67
6799.0,User_6799,35
6800.0,User_6800,26
6801.0,User_6801,24
6802.0,User_6802,60
6803.0,User_6803,87
6804.0,User_6804,29
6805.0,User_6805,45
6806.0,User_6806,88
6807.0,User_6807,23
6808.0,User_6808,15
6809.0,User_6809,57
6810.0,User_6810,37
6811.0,User_6811,57
6812.0,User_6812,75
6813.0,User_6813,15
6814.0,User_6814,88
6815.0,User_6815,63
6816.0,User_6816,63
6817.0,User_6817,94
6818.0,User_6818,68
6819.0,User_6819,56
6820.0,User_6820,61
6821.0,User_6821,39
6822.0,User_6822,77
6823.0,User_6823,90
6824.0,User_6824,61
6825.0,User_6825,43
6826.0,User_6826,94
6827.0,User_6827,28
6828.0,User_6828,25
6829.0,User_6829,95
6830.0,User_6830,95
6831.0,User_6831,58
6832.0,User_6832,72
6833.0,User_6833,46
6834.0,User_6834,88
6835.0,User_6835,25
6836.0,User_6836,80
6837.0,User_6837,62
6838.0,User_6838,92
6839.0,User_6839,82
6840.0,User_6840,50
6841.0,User_6841,50
6842.0,User_6842,63
6843.0,User_6843,80
6844.0,User_6844,50
6845.0,User_6845,35
6846.0,User_6846,51
6847.0,User_6847,55
6848.0,User_6848,35
6849.0,User_6849,15
6850.0,User_6850,56
6851.0,User_6851,61
6852.0,User_6852,66
6853.0,User_6853,24
6854.0,User_6854,10
6855.0,User_6855,63
6856.0,User_6856,95
6857.0,User_6857,71
6858.0,User_6858,48
6859.0,User_6859,84
6860.0,User_6860,76
6861.0,User_6861,76
6862.0,User_6862,19
6863.0,User_6863,71
6864.0,User_6864,73
6865.0,User_6865,79
6866.0,User_6866,94
6867.0,User_6867,58
6868.0,User_6868,82
6869.0,User_6869,27
6870.0,User_6870,79
6871.0,User_6871,15
6872.0,User_6872,31
6873.0,User_6873,46
6874.0,User_6874,55
6875.0,User_6875,22
6876.0,User_6876,35
6877.0,User_6877,20
6878.0,User_6878,53
6879.0,User_6879,14
6880.0,User_6880,42
6881.0,User_6881,88
6882.0,User_6882,17
6883.0,User_6883,59
6884.0,User_6884,42
6885.0,User_6885,70
6886.0,User_6886,89
6887.0,User_6887,94
6888.0,User_6888,33
6889.0,User_6889,29
6890.0,User_6890,17
6891.0,User_6891,37
6892.0,User_6892,14
6893.0,User_6893,54
6894.0,User_6894,70
6895.0,User_6895,29
6896.0,User_6896,45
6897.0,User_6897,88
6898.0,User_6898,64
6899.0,User_6899,81
6900.0,User_6900,53
6901.0,User_6901,94
6902.0,User_6902,27
6903.0,User_6903,21
6904.0,User_6904,75
6905.0,User_6905,44
6906.0,User_6906,74
6907.0,User_6907,69
6908.0,User_6908,15
6909.0,User_6909,78
6910.0,User_6910,80
6911.0,User_6911,51
6912.0,User_6912,27
6913.0,User_6913,81
6914.0,User_6914,90
6915.0,User_6915,20
6916.0,User_6916,22
6917.0,User_6917,64
6918.0,User_6918,14
6919.0,User_6919,16
6920.0,User_6920,91
6921.0,User_6921,33
6922.0,User_6922,69
6923.0,User_6923,36
6924.0,User_6924,78
6925.0,User_6925,49
6926.0,User_6926,11
6927.0,User_6927,80
6928.0,User_6928,84
6929.0,User_6929,85
6930.0,User_6930,51
6931.0,User_6931,64
6932.0,User_6932,71
6933.0,User_6933,13
6934.0,User_6934,82
6935.0,User_6935,12
6936.0,User_6936,43
6937.0,User_6937,32
6938.0,User_6938,72
6939.0,User_6939,40
6940.0,User_6940,54
6941.0,User_6941,71
6942.0,User_6942,40
6943.0,User_6943,26
6944.0,User_6944,65
6945.0,User_6945,21
6946.0,User_6946,46
6947.0,User_6947,92
6948.0,User_6948,60
6949.0,User_6949,87
6950.0,User_6950,56
6951.0,User_6951,33
6952.0,User_6952,53
6953.0,User_6953,74
6954.0,User_6954,51
6955.0,User_6955,74
6956.0,User_6956,70
6957.0,User_6957,58
6958.0,User_6958,85
6959.0,User_6959,68
6960.0,User_6960,43
6961.0,User_6961,22
6962.0,User_6962,38
6963.0,User_6963,60
6964.0,User_6964,70
6965.0,User_6965,22
6966.0,User_6966,56
6967.0,User_6967,79
6968.0,User_6968,29
6969.0,User_6969,38
6970.0,User_6970,74
6971.0,User_6971,20
6972.0,User_6972,48
6973.0,User_6973,81
6974.0,User_6974,38
6975.0,User_6975,66
6976.0,User_6976,77
6977.0,User_6977,40
6978.0,User_6978,41
6979.0,User_6979,52
6980.0,User_6980,44
6981.0,User_6981,40
6982.0,User_6982,24
6983.0,User_6983,18
6984.0,User_6984,46
6985.0,User_6985,26
6986.0,User_6986,39
6987.0,User_6987,48
6988.0,User_6988,24
6989.0,User_6989,60
6990.0,User_6990,40
6991.0,User_6991,81
6992.0,User_6992,29
6993.0,User_6993,95
6994.0,User_6994,47
6995.0,User_6995,74
6996.0,User_6996,48
6997.0,User_6997,60
6998.0,User_6998,79
6999.0,User_6999,93
7000.0,User_7000,86
7001.0,User_7001,24
7002.0,User_7002,86
7003.0,User_7003,39
7004.0,User_7004,72
7005.0,User_7005,12
7006.0,User_7006,50
7007.0,User_7007,19
7008.0,User_7008,36
7009.0,User_7009,49
7010.0,User_7010,67
7011.0,User_7011,34
7012.0,User_7012,41
7013.0,User_7013,41
7014.0,User_7014,75
7015.0,User_7015,44
7016.0,User_7016,50
7017.0,User_7017,30
7018.0,User_7018,78
7019.0,User_7019,69
7020.0,User_7020,84
7021.0,User_7021,30
7022.0,User_7022,51
7023.0,User_7023,77
7024.0,User_7024,48
7025.0,User_7025,39
7026.0,User_7026,66
7027.0,User_7027,53
7028.0,User_7028,67
7029.0,User_7029,26
7030.0,User_7030,27
7031.0,User_7031,18
7032.0,User_7032,29
7033.0,User_7033,89
7034.0,User_7034,15
7035.0,User_7035,49
7036.0,User_7036,33
7037.0,User_7037,14
7038.0,User_7038,37
7039.0,User_7039,63
7040.0,User_7040,50
7041.0,User_7041,22
7042.0,User_7042,51
7043.0,User_7043,62
7044.0,User_7044,53
7045.0,User_7045,61
7046.0,User_7046,33
7047.0,User_7047,31
7048.0,User_7048,66
7049.0,User_7049,32
7050.0,User_7050,65
7051.0,User_7051,10
7052.0,User_7052,31
7053.0,User_7053,85
7054.0,User_7054,80
7055.0,User_7055,69
7056.0,User_7056,85
7057.0,User_7057,31
7058.0,User_7058,36
7059.0,User_7059,21
7060.0,User_7060,94
7061.0,User_7061,21
7062.0,User_7062,71
7063.0,User_7063,64
7064.0,User_7064,41
7065.0,User_7065,16
7066.0,User_7066,50
7067.0,User_7067,56
7068.0,User_7068,59
7069.0,User_7069,44
7070.0,User_7070,28
7071.0,User_7071,28
7072.0,User_7072,15
7073.0,User_7073,61
7074.0,User_7074,32
7075.0,User_7075,48
7076.0,User_7076,14
7077.0,User_7077,52
7078.0,User_7078,20
7079.0,User_7079,44
7080.0,User_7080,69
7081.0,User_7081,94
7082.0,User_7082,66
7083.0,User_7083,65
7084.0,User_7084,53
7085.0,User_7085,64
7086.0,User_7086,33
7087.0,User_7087,89
7088.0,User_7088,28
7089.0,User_7089,85
7090.0,User_7090,45
7091.0,User_7091,40
7092.0,User_7092,38
7093.0,User_7093,59
7094.0,User_7094,74
7095.0,User_7095,35
7096.0,User_7096,52
7097.0,User_7097,63
7098.0,User_7098,44
7099.0,User_7099,65
7100.0,User_7100,56
7101.0,User_7101,74
7102.0,User_7102,10
7103.0,User_7103,71
7104.0,User_7104,30
7105.0,User_7105,28
7106.0,User_7106,27
7107.0,User_7107,85
7108.0,User_7108,74
7109.0,User_7109,47
7110.0,User_7110,85
7111.0,User_7111,90
7112.0,User_7112,70
7113.0,User_7113,28
7114.0,User_7114,61
7115.0,User_7115,70
7116.0,User_7116,62
7117.0,User_7117,71
7118.0,User_7118,83
7119.0,User_7119,44
7120.0,User_7120,42
7121.0,User_7121,62
7122.0,User_7122,39
7123.0,User_7123,53
7124.0,User_7124,40
7125.0,User_7125,34
7126.0,User_7126,39
7127.0,User_7127,55
7128.0,User_7128,63
7129.0,User_7129,23
7130.0,User_7130,13
7131.0,User_7131,65
7132.0,User_7132,92
7133.0,User_7133,79
7134.0,User_7134,89
7135.0,User_7135,48
7136.0,User_7136,72
7137.0,User_7137,36
7138.0,User_7138,48
7139.0,User_7139,29
7140.0,User_7140,70
7141.0,User_7141,80
7142.0,User_7142,53
7143.0,User_7143,20
7144.0,User_7144,94
7145.0,User_7145,12
7146.0,User_7146,30
7147.0,User_7147,75
7148.0,User_7148,61
7149.0,User_7149,68
7150.0,User_7150,57
7151.0,User_7151,75
7152.0,User_7152,58
7153.0,User_7153,62
7154.0,User_7154,76
7155.0,User_7155,30
7156.0,User_7156,30
7157.0,User_7157,44
7158.0,User_7158,52
7159.0,User_7159,57
7160.0,User_7160,21
7161.0,User_7161,68
7162.0,User_7162,78
7163.0,User_7163,47
7164.0,User_7164,80
7165.0,User_7165,58
7166.0,User_7166,36
7167.0,User_7167,42
7168.0,User_7168,69
7169.0,User_7169,46
7170.0,User_7170,79
7171.0,User_7171,82
7172.0,User_7172,48
7173.0,User_7173,38
7174.0,User_7174,23
7175.0,User_7175,60
7176.0,User_7176,86
7177.0,User_7177,89
7178.0,User_7178,58
7179.0,User_7179,15
7180.0,User_7180,77
7181.0,User_7181,25
7182.0,User_7182,41
7183.0,User_7183,50
7184.0,User_7184,85
7185.0,User_7185,14
7186.0,User_7186,36
7187.0,User_7187,18
7188.0,User_7188,46
7189.0,User_7189,86
7190.0,User_7190,92
7191.0,User_7191,52
7192.0,User_7192,37
7193.0,User_7193,42
7194.0,User_7194,51
7195.0,User_7195,49
7196.0,User_7196,64
7197.0,User_7197,61
7198.0,User_7198,22
7199.0,User_7199,90
7200.0,User_7200,26
7201.0,User_7201,40
7202.0,User_7202,34
7203.0,User_7203,33
7204.0,User_7204,62
7205.0,User_7205,87
7206.0,User_7206,64
7207.0,User_7207,54
7208.0,User_7208,65
7209.0,User_7209,63
7210.0,User_7210,15
7211.0,User_7211,62
7212.0,User_7212,16
7213.0,User_7213,66
7214.0,User_7214,29
7215.0,User_7215,69
7216.0,User_7216,70
7217.0,User_7217,16
7218.0,User_7218,73
7219.0,User_7219,87
7220.0,User_7220,93
7221.0,User_7221,72
7222.0,User_7222,74
7223.0,User_7223,19
7224.0,User_7224,70
7225.0,User_7225,54
7226.0,User_7226,88
7227.0,User_7227,70
7228.0,User_7228,51
7229.0,User_7229,34
7230.0,User_7230,61
7231.0,User_7231,50
7232.0,User_7232,15
7233.0,User_7233,30
7234.0,User_7234,72
7235.0,User_7235,90
7236.0,User_7236,66
7237.0,User_7237,68
7238.0,User_7238,36
7239.0,User_7239,63
7240.0,User_7240,93
7241.0,User_7241,60
7242.0,User_7242,13
7243.0,User_7243,50
7244.0,User_7244,70
7245.0,User_7245,30
7246.0,User_7246,58
7247.0,User_7247,66
7248.0,User_7248,65
7249.0,User_7249,82
7250.0,User_7250,18
7251.0,User_7251,75
7252.0,User_7252,68
7253.0,User_7253,12
7254.0,User_7254,72
7255.0,User_7255,60
7256.0,User_7256,38
7257.0,User_7257,90
7258.0,User_7258,18
7259.0,User_7259,92
7260.0,User_7260,63
7261.0,User_7261,10
7262.0,User_7262,65
7263.0,User_7263,42
7264.0,User_7264,14
7265.0,User_7265,30
7266.0,User_7266,11
7267.0,User_7267,53
7268.0,User_7268,38
7269.0,User_7269,91
7270.0,User_7270,85
7271.0,User_7271,46
7272.0,User_7272,74
7273.0,User_7273,33
7274.0,User_7274,77
7275.0,User_7275,62
7276.0,User_7276,71
7277.0,User_7277,74
7278.0,User_7278,25
7279.0,User_7279,45
7280.0,User_7280,71
7281.0,User_7281,55
7282.0,User_7282,31
7283.0,User_7283,22
7284.0,User_7284,56
7285.0,User_7285,67
7286.0,User_7286,21
7287.0,User_7287,16
7288.0,User_7288,12
7289.0,User_7289,55
7290.0,User_7290,57
7291.0,User_7291,63
7292.0,User_7292,51
7293.0,User_7293,62
7294.0,User_7294,65
7295.0,User_7295,47
7296.0,User_7296,20
7297.0,User_7297,72
7298.0,User_7298,19
7299.0,User_7299,58
7300.0,User_7300,94
7301.0,User_7301,59
7302.0,User_7302,76
7303.0,User_7303,90
7304.0,User_7304,62
7305.0,User_7305,27
7306.0,User_7306,70
7307.0,User_7307,60
7308.0,User_7308,92
7309.0,User_7309,41
7310.0,User_7310,79
7311.0,User_7311,91
7312.0,User_7312,16
7313.0,User_7313,77
7314.0,User_7314,51
7315.0,User_7315,31
7316.0,User_7316,13
7317.0,User_7317,83
7318.0,User_7318,75
7319.0,User_7319,66
7320.0,User_7320,74
7321.0,User_7321,36
7322.0,User_7322,54
7323.0,User_7323,87
7324.0,User_7324,75
7325.0,User_7325,19
7326.0,User_7326,20
7327.0,User_7327,81
7328.0,User_7328,94
7329.0,User_7329,47
7330.0,User_7330,51
7331.0,User_7331,24
7332.0,User_7332,25
7333.0,User_7333,12
7334.0,User_7334,20
7335.0,User_7335,62
7336.0,User_7336,94
7337.0,User_7337,26
7338.0,User_7338,82
7339.0,User_7339,57
7340.0,User_7340,37
7341.0,User_7341,83
7342.0,User_7342,45
7343.0,User_7343,28
7344.0,User_7344,86
7345.0,User_7345,49
7346.0,User_7346,14
7347.0,User_7347,90
7348.0,User_7348,48
7349.0,User_7349,41
7350.0,User_7350,28
7351.0,User_7351,61
7352.0,User_7352,54
7353.0,User_7353,35
7354.0,User_7354,26
7355.0,User_7355,43
7356.0,User_7356,62
7357.0,User_7357,88
7358.0,User_7358,87
7359.0,User_7359,26
7360.0,User_7360,60
7361.0,User_7361,83
7362.0,User_7362,53
7363.0,User_7363,80
7364.0,User_7364,54
7365.0,User_7365,76
7366.0,User_7366,37
7367.0,User_7367,44
7368.0,User_7368,89
7369.0,User_7369,86
7370.0,User_7370,86
7371.0,User_7371,64
7372.0,User_7372,31
7373.0,User_7373,31
7374.0,User_7374,80
7375.0,User_7375,61
7376.0,User_7376,95
7377.0,User_7377,45
7378.0,User_7378,28
7379.0,User_7379,24
7380.0,User_7380,77
7381.0,User_7381,22
7382.0,User_7382,12
7383.0,User_7383,68
7384.0,User_7384,40
7385.0,User_7385,64
7386.0,User_7386,69
7387.0,User_7387,51
7388.0,User_7388,87
7389.0,User_7389,68
7390.0,User_7390,29
7391.0,User_7391,93
7392.0,User_7392,18
7393.0,User_7393,56
7394.0,User_7394,43
7395.0,User_7395,23
7396.0,User_7396,49
7397.0,User_7397,40
7398.0,User_7398,39
7399.0,User_7399,10
7400.0,User_7400,15
7401.0,User_7401,86
7402.0,User_7402,74
7403.0,User_7403,88
7404.0,User_7404,16
7405.0,User_7405,49
7406.0,User_7406,24
7407.0,User_7407,50
7408.0,User_7408,83
7409.0,User_7409,91
7410.0,User_7410,88
7411.0,User_7411,70
7412.0,User_7412,35
7413.0,User_7413,48
7414.0,User_7414,48
7415.0,User_7415,56
7416.0,User_7416,41
7417.0,User_7417,33
7418.0,User_7418,78
7419.0,User_7419,30
7420.0,User_7420,60
7421.0,User_7421,52
7422.0,User_7422,27
7423.0,User_7423,72
7424.0,User_7424,53
7425.0,User_7425,58
7426.0,User_7426,51
7427.0,User_7427,44
7428.0,User_7428,38
7429.0,User_7429,22
7430.0,User_7430,15
7431.0,User_7431,88
7432.0,User_7432,90
7433.0,User_7433,60
7434.0,User_7434,70
7435.0,User_7435,28
7436.0,User_7436,70
7437.0,User_7437,37
7438.0,User_7438,43
7439.0,User_7439,45
7440.0,User_7440,43
7441.0,User_7441,75
7442.0,User_7442,90
7443.0,User_7443,74
7444.0,User_7444,35
7445.0,User_7445,42
7446.0,User_7446,64
7447.0,User_7447,17
7448.0,User_7448,70
7449.0,User_7449,90
7450.0,User_7450,69
7451.0,User_7451,14
7452.0,User_7452,26
7453.0,User_7453,65
7454.0,User_7454,16
7455.0,User_7455,82
7456.0,User_7456,79
7457.0,User_7457,73
7458.0,User_7458,90
7459.0,User_7459,61
7460.0,User_7460,40
7461.0,User_7461,93
7462.0,User_7462,79
7463.0,User_7463,38
7464.0,User_7464,90
7465.0,User_7465,27
7466.0,User_7466,41
7467.0,User_7467,31
7468.0,User_7468,77
7469.0,User_7469,81
7470.0,User_7470,14
7471.0,User_7471,62
7472.0,User_7472,18
7473.0,User_7473,83
7474.0,User_7474,10
7475.0,User_7475,42
7476.0,User_7476,73
7477.0,User_7477,57
7478.0,User_7478,54
7479.0,User_7479,40
7480.0,User_7480,81
7481.0,User_7481,18
7482.0,User_7482,91
7483.0,User_7483,20
7484.0,User_7484,83
7485.0,User_7485,59
7486.0,User_7486,76
7487.0,User_7487,51
7488.0,User_7488,90
7489.0,User_7489,92
7490.0,User_7490,32
7491.0,User_7491,23
7492.0,User_7492,68
7493.0,User_7493,11
7494.0,User_7494,91
7495.0,User_7495,15
7496.0,User_7496,12
7497.0,User_7497,93
7498.0,User_7498,78
7499.0,User_7499,79
7500.0,User_7500,14
7501.0,User_7501,35
7502.0,User_7502,55
7503.0,User_7503,75
7504.0,User_7504,32
7505.0,User_7505,24
7506.0,User_7506,72
7507.0,User_7507,62
7508.0,User_7508,72
7509.0,User_7509,51
7510.0,User_7510,77
7511.0,User_7511,23
7512.0,User_7512,61
7513.0,User_7513,14
7514.0,User_7514,46
7515.0,User_7515,88
7516.0,User_7516,31
7517.0,User_7517,36
7518.0,User_7518,38
7519.0,User_7519,49
7520.0,User_7520,13
7521.0,User_7521,20
7522.0,User_7522,38
7523.0,User_7523,77
7524.0,User_7524,89
7525.0,User_7525,69
7526.0,User_7526,92
7527.0,User_7527,82
7528.0,User_7528,31
7529.0,User_7529,38
7530.0,User_7530,63
7531.0,User_7531,76
7532.0,User_7532,49
7533.0,User_7533,77
7534.0,User_7534,14
7535.0,User_7535,74
7536.0,User_7536,24
7537.0,User_7537,38
7538.0,User_7538,46
7539.0,User_7539,18
7540.0,User_7540,93
7541.0,User_7541,52
7542.0,User_7542,54
7543.0,User_7543,21
7544.0,User_7544,64
7545.0,User_7545,32
7546.0,User_7546,48
7547.0,User_7547,24
7548.0,User_7548,63
7549.0,User_7549,63
7550.0,User_7550,59
7551.0,User_7551,72
7552.0,User_7552,75
7553.0,User_7553,49
7554.0,User_7554,56
7555.0,User_7555,55
7556.0,User_7556,31
7557.0,User_7557,47
7558.0,User_7558,76
7559.0,User_7559,61
7560.0,User_7560,44
7561.0,User_7561,72
7562.0,User_7562,89
7563.0,User_7563,39
7564.0,User_7564,55
7565.0,User_7565,12
7566.0,User_7566,46
7567.0,User_7567,52
7568.0,User_7568,42
7569.0,User_7569,54
7570.0,User_7570,61
7571.0,User_7571,27
7572.0,User_7572,81
7573.0,User_7573,20
7574.0,User_7574,59
7575.0,User_7575,42
7576.0,User_7576,20
7577.0,User_7577,90
7578.0,User_7578,48
7579.0,User_7579,55
7580.0,User_7580,39
7581.0,User_7581,60
7582.0,User_7582,78
7583.0,User_7583,76
7584.0,User_7584,90
7585.0,User_7585,67
7586.0,User_7586,73
7587.0,User_7587,68
7588.0,User_7588,28
7589.0,User_7589,47
7590.0,User_7590,62
7591.0,User_7591,62
7592.0,User_7592,46
7593.0,User_7593,82
7594.0,User_7594,24
7595.0,User_7595,38
7596.0,User_7596,18
7597.0,User_7597,19
7598.0,User_7598,79
7599.0,User_7599,65
7600.0,User_7600,81
7601.0,User_7601,89
7602.0,User_7602,43
7603.0,User_7603,63
7604.0,User_7604,48
7605.0,User_7605,74
7606.0,User_7606,73
7607.0,User_7607,69
7608.0,User_7608,54
7609.0,User_7609,78
7610.0,User_7610,50
7611.0,User_7611,55
7612.0,User_7612,88
7613.0,User_7613,35
7614.0,User_7614,43
7615.0,User_7615,30
7616.0,User_7616,81
7617.0,User_7617,38
7618.0,User_7618,19
7619.0,User_7619,83
7620.0,User_7620,50
7621.0,User_7621,11
7622.0,User_7622,90
7623.0,User_7623,94
7624.0,User_7624,60
7625.0,User_7625,48
7626.0,User_7626,64
7627.0,User_7627,88
7628.0,User_7628,28
7629.0,User_7629,12
7630.0,User_7630,92
7631.0,User_7631,53
7632.0,User_7632,92
7633.0,User_7633,82
7634.0,User_7634,41
7635.0,User_7635,82
7636.0,User_7636,24
7637.0,User_7637,43
7638.0,User_7638,59
7639.0,User_7639,35
7640.0,User_7640,33
7641.0,User_7641,81
7642.0,User_7642,72
7643.0,User_7643,61
7644.0,User_7644,66
7645.0,User_7645,41
7646.0,User_7646,58
7647.0,User_7647,93
7648.0,User_7648,92
7649.0,User_7649,63
7650.0,User_7650,57
7651.0,User_7651,54
7652.0,User_7652,94
7653.0,User_7653,95
7654.0,User_7654,40
7655.0,User_7655,55
7656.0,User_7656,65
7657.0,User_7657,33
7658.0,User_7658,56
7659.0,User_7659,50
7660.0,User_7660,35
7661.0,User_7661,29
7662.0,User_7662,16
7663.0,User_7663,20
7664.0,User_7664,47
7665.0,User_7665,16
7666.0,User_7666,89
7667.0,User_7667,48
7668.0,User_7668,12
7669.0,User_7669,66
7670.0,User_7670,70
7671.0,User_7671,80
7672.0,User_7672,74
7673.0,User_7673,94
7674.0,User_7674,65
7675.0,User_7675,87
7676.0,User_7676,57
7677.0,User_7677,60
7678.0,User_7678,72
7679.0,User_7679,67
7680.0,User_7680,57
7681.0,User_7681,34
7682.0,User_7682,31
7683.0,User_7683,44
7684.0,User_7684,39
7685.0,User_7685,75
7686.0,User_7686,25
7687.0,User_7687,42
7688.0,User_7688,32
7689.0,User_7689,50
7690.0,User_7690,92
7691.0,User_7691,33
7692.0,User_7692,79
7693.0,User_7693,92
7694.0,User_7694,54
7695.0,User_7695,75
7696.0,User_7696,33
7697.0,User_7697,15
7698.0,User_7698,41
7699.0,User_7699,38
7700.0,User_7700,62
7701.0,User_7701,17
7702.0,User_7702,95
7703.0,User_7703,50
7704.0,User_7704,47
7705.0,User_7705,21
7706.0,User_7706,65
7707.0,User_7707,84
7708.0,User_7708,46
7709.0,User_7709,53
7710.0,User_7710,23
7711.0,User_7711,32
7712.0,User_7712,30
7713.0,User_7713,47
7714.0,User_7714,92
7715.0,User_7715,68
7716.0,User_7716,78
7717.0,User_7717,34
7718.0,User_7718,52
7719.0,User_7719,55
7720.0,User_7720,29
7721.0,User_7721,38
7722.0,User_7722,68
7723.0,User_7723,46
7724.0,User_7724,66
7725.0,User_7725,77
7726.0,User_7726,73
7727.0,User_7727,66
7728.0,User_7728,49
7729.0,User_7729,26
7730.0,User_7730,69
7731.0,User_7731,46
7732.0,User_7732,35
7733.0,User_7733,77
7734.0,User_7734,24
7735.0,User_7735,76
7736.0,User_7736,54
7737.0,User_7737,63
7738.0,User_7738,85
7739.0,User_7739,20
7740.0,User_7740,18
7741.0,User_7741,50
7742.0,User_7742,43
7743.0,User_7743,38
7744.0,User_7744,57
7745.0,User_7745,44
7746.0,User_7746,12
7747.0,User_7747,61
7748.0,User_7748,45
7749.0,User_7749,34
7750.0,User_7750,21
7751.0,User_7751,40
7752.0,User_7752,78
7753.0,User_7753,20
7754.0,User_7754,92
7755.0,User_7755,25
7756.0,User_7756,70
7757.0,User_7757,46
7758.0,User_7758,27
7759.0,User_7759,94
7760.0,User_7760,70
7761.0,User_7761,16
7762.0,User_7762,13
7763.0,User_7763,75
7764.0,User_7764,66
7765.0,User_7765,28
7766.0,User_7766,71
7767.0,User_7767,34
7768.0,User_7768,86
7769.0,User_7769,58
7770.0,User_7770,48
7771.0,User_7771,45
7772.0,User_7772,71
7773.0,User_7773,78
7774.0,User_7774,88
7775.0,User_7775,38
7776.0,User_7776,50
7777.0,User_7777,43
7778.0,User_7778,10
7779.0,User_7779,62
7780.0,User_7780,81
7781.0,User_7781,59
7782.0,User_7782,36
7783.0,User_7783,78
7784.0,User_7784,69
7785.0,User_7785,76
7786.0,User_7786,37
7787.0,User_7787,49
7788.0,User_7788,78
7789.0,User_7789,43
7790.0,User_7790,34
7791.0,User_7791,37
7792.0,User_7792,34
7793.0,User_7793,54
7794.0,User_7794,87
7795.0,User_7795,17
7796.0,User_7796,17
7797.0,User_7797,85
7798.0,User_7798,93
7799.0,User_7799,77
7800.0,User_7800,85
7801.0,User_7801,85
7802.0,User_7802,69
7803.0,User_7803,75
7804.0,User_7804,33
7805.0,User_7805,56
7806.0,User_7806,44
7807.0,User_7807,73
7808.0,User_7808,77
7809.0,User_7809,41
7810.0,User_7810,28
7811.0,User_7811,33
7812.0,User_7812,43
7813.0,User_7813,27
7814.0,User_7814,89
7815.0,User_7815,28
7816.0,User_7816,47
7817.0,User_7817,21
7818.0,User_7818,80
7819.0,User_7819,28
7820.0,User_7820,42
7821.0,User_7821,74
7822.0,User_7822,82
7823.0,User_7823,56
7824.0,User_7824,30
7825.0,User_7825,92
7826.0,User_7826,30
7827.0,User_7827,32
7828.0,User_7828,45
7829.0,User_7829,84
7830.0,User_7830,22
7831.0,User_7831,53
7832.0,User_7832,78
7833.0,User_7833,90
7834.0,User_7834,83
7835.0,User_7835,27
7836.0,User_7836,36
7837.0,User_7837,80
7838.0,User_7838,44
7839.0,User_7839,68
7840.0,User_7840,53
7841.0,User_7841,64
7842.0,User_7842,25
7843.0,User_7843,72
7844.0,User_7844,86
7845.0,User_7845,62
7846.0,User_7846,65
7847.0,User_7847,58
7848.0,User_7848,32
7849.0,User_7849,74
7850.0,User_7850,31
7851.0,User_7851,94
7852.0,User_7852,65
7853.0,User_7853,25
7854.0,User_7854,26
7855.0,User_7855,65
7856.0,User_7856,37
7857.0,User_7857,21
7858.0,User_7858,58
7859.0,User_7859,38
7860.0,User_7860,49
7861.0,User_7861,60
7862.0,User_7862,57
7863.0,User_7863,10
7864.0,User_7864,94
7865.0,User_7865,30
7866.0,User_7866,84
7867.0,User_7867,33
7868.0,User_7868,88
7869.0,User_7869,15
7870.0,User_7870,15
7871.0,User_7871,20
7872.0,User_7872,31
7873.0,User_7873,57
7874.0,User_7874,84
7875.0,User_7875,95
7876.0,User_7876,31
7877.0,User_7877,55
7878.0,User_7878,41
7879.0,User_7879,59
7880.0,User_7880,91
7881.0,User_7881,87
7882.0,User_7882,34
7883.0,User_7883,17
7884.0,User_7884,75
7885.0,User_7885,44
7886.0,User_7886,37
7887.0,User_7887,10
7888.0,User_7888,38
7889.0,User_7889,27
7890.0,User_7890,37
7891.0,User_7891,49
7892.0,User_7892,80
7893.0,User_7893,25
7894.0,User_7894,62
7895.0,User_7895,50
7896.0,User_7896,72
7897.0,User_7897,60
7898.0,User_7898,58
7899.0,User_7899,34
7900.0,User_7900,84
7901.0,User_7901,94
7902.0,User_7902,86
7903.0,User_7903,78
7904.0,User_7904,77
7905.0,User_7905,42
7906.0,User_7906,23
7907.0,User_7907,33
7908.0,User_7908,11
7909.0,User_7909,59
7910.0,User_7910,27
7911.0,User_7911,38
7912.0,User_7912,57
7913.0,User_7913,70
7914.0,User_7914,73
7915.0,User_7915,87
7916.0,User_7916,94
7917.0,User_7917,38
7918.0,User_7918,77
7919.0,User_7919,33
7920.0,User_7920,71
7921.0,User_7921,84
7922.0,User_7922,92
7923.0,User_7923,86
7924.0,User_7924,62
7925.0,User_7925,29
7926.0,User_7926,80
7927.0,User_7927,28
7928.0,User_7928,23
7929.0,User_7929,75
7930.0,User_7930,94
7931.0,User_7931,22
7932.0,User_7932,92
7933.0,User_7933,38
7934.0,User_7934,36
7935.0,User_7935,42
7936.0,User_7936,26
7937.0,User_7937,65
7938.0,User_7938,54
7939.0,User_7939,27
7940.0,User_7940,80
7941.0,User_7941,12
7942.0,User_7942,30
7943.0,User_7943,59
7944.0,User_7944,95
7945.0,User_7945,79
7946.0,User_7946,87
7947.0,User_7947,55
7948.0,User_7948,67
7949.0,User_7949,81
7950.0,User_7950,20
7951.0,User_7951,74
7952.0,User_7952,23
7953.0,User_7953,21
7954.0,User_7954,27
7955.0,User_7955,85
7956.0,User_7956,23
7957.0,User_7957,77
7958.0,User_7958,79
7959.0,User_7959,47
7960.0,User_7960,67
7961.0,User_7961,74
7962.0,User_7962,11
7963.0,User_7963,31
7964.0,User_7964,39
7965.0,User_7965,29
7966.0,User_7966,38
7967.0,User_7967,83
7968.0,User_7968,64
7969.0,User_7969,47
7970.0,User_7970,66
7971.0,User_7971,67
7972.0,User_7972,25
7973.0,User_7973,47
7974.0,User_7974,53
7975.0,User_7975,31
7976.0,User_7976,53
7977.0,User_7977,75
7978.0,User_7978,25
7979.0,User_7979,37
7980.0,User_7980,41
7981.0,User_7981,37
7982.0,User_7982,71
7983.0,User_7983,38
7984.0,User_7984,58
7985.0,User_7985,54
7986.0,User_7986,82
7987.0,User_7987,12
7988.0,User_7988,82
7989.0,User_7989,51
7990.0,User_7990,15
7991.0,User_7991,64
7992.0,User_7992,91
7993.0,User_7993,57
7994.0,User_7994,36
7995.0,User_7995,27
7996.0,User_7996,54
7997.0,User_7997,32
7998.0,User_7998,33
7999.0,User_7999,33
8000.0,User_8000,55
8001.0,User_8001,42
8002.0,User_8002,27
8003.0,User_8003,46
8004.0,User_8004,44
8005.0,User_8005,23
8006.0,User_8006,56
8007.0,User_8007,22
8008.0,User_8008,19
8009.0,User_8009,44
8010.0,User_8010,67
8011.0,User_8011,75
8012.0,User_8012,59
8013.0,User_8013,57
8014.0,User_8014,84
8015.0,User_8015,89
8016.0,User_8016,19
8017.0,User_8017,26
8018.0,User_8018,92
8019.0,User_8019,66
8020.0,User_8020,85
8021.0,User_8021,23
8022.0,User_8022,64
8023.0,User_8023,25
8024.0,User_8024,63
8025.0,User_8025,36
8026.0,User_8026,32
8027.0,User_8027,55
8028.0,User_8028,46
8029.0,User_8029,17
8030.0,User_8030,92
8031.0,User_8031,48
8032.0,User_8032,49
8033.0,User_8033,21
8034.0,User_8034,49
8035.0,User_8035,81
8036.0,User_8036,32
8037.0,User_8037,15
8038.0,User_8038,83
8039.0,User_8039,68
8040.0,User_8040,35
8041.0,User_8041,55
8042.0,User_8042,68
8043.0,User_8043,91
8044.0,User_8044,91
8045.0,User_8045,75
8046.0,User_8046,92
8047.0,User_8047,56
8048.0,User_8048,87
8049.0,User_8049,24
8050.0,User_8050,24
8051.0,User_8051,64
8052.0,User_8052,10
8053.0,User_8053,63
8054.0,User_8054,54
8055.0,User_8055,64
8056.0,User_8056,56
8057.0,User_8057,54
8058.0,User_8058,23
8059.0,User_8059,85
8060.0,User_8060,86
8061.0,User_8061,59
8062.0,User_8062,35
8063.0,User_8063,26
8064.0,User_8064,13
8065.0,User_8065,82
8066.0,User_8066,85
8067.0,User_8067,71
8068.0,User_8068,75
8069.0,User_8069,24
8070.0,User_8070,62
8071.0,User_8071,35
8072.0,User_8072,40
8073.0,User_8073,15
8074.0,User_8074,48
8075.0,User_8075,60
8076.0,User_8076,47
8077.0,User_8077,45
8078.0,User_8078,85
8079.0,User_8079,90
8080.0,User_8080,76
8081.0,User_8081,20
8082.0,User_8082,46
8083.0,User_8083,36
8084.0,User_8084,17
8085.0,User_8085,22
8086.0,User_8086,64
8087.0,User_8087,23
8088.0,User_8088,14
8089.0,User_8089,57
8090.0,User_8090,88
8091.0,User_8091,84
8092.0,User_8092,40
8093.0,User_8093,34
8094.0,User_8094,47
8095.0,User_8095,62
8096.0,User_8096,93
8097.0,User_8097,60
8098.0,User_8098,80
8099.0,User_8099,15
8100.0,User_8100,64
8101.0,User_8101,34
8102.0,User_8102,35
8103.0,User_8103,40
8104.0,User_8104,70
8105.0,User_8105,73
8106.0,User_8106,15
8107.0,User_8107,77
8108.0,User_8108,39
8109.0,User_8109,63
8110.0,User_8110,90
8111.0,User_8111,24
8112.0,User_8112,15
8113.0,User_8113,28
8114.0,User_8114,19
8115.0,User_8115,80
8116.0,User_8116,21
8117.0,User_8117,40
8118.0,User_8118,88
8119.0,User_8119,29
8120.0,User_8120,76
8121.0,User_8121,79
8122.0,User_8122,42
8123.0,User_8123,12
8124.0,User_8124,93
8125.0,User_8125,65
8126.0,User_8126,53
8127.0,User_8127,76
8128.0,User_8128,77
8129.0,User_8129,40
8130.0,User_8130,40
8131.0,User_8131,20
8132.0,User_8132,60
8133.0,User_8133,11
8134.0,User_8134,38
8135.0,User_8135,54
8136.0,User_8136,52
8137.0,User_8137,62
8138.0,User_8138,32
8139.0,User_8139,29
8140.0,User_8140,46
8141.0,User_8141,89
8142.0,User_8142,23
8143.0,User_8143,35
8144.0,User_8144,38
8145.0,User_8145,76
8146.0,User_8146,60
8147.0,User_8147,26
8148.0,User_8148,64
8149.0,User_8149,83
8150.0,User_8150,73
8151.0,User_8151,17
8152.0,User_8152,67
8153.0,User_8153,81
8154.0,User_8154,30
8155.0,User_8155,39
8156.0,User_8156,84
8157.0,User_8157,17
8158.0,User_8158,11
8159.0,User_8159,29
8160.0,User_8160,22
8161.0,User_8161,72
8162.0,User_8162,88
8163.0,User_8163,10
8164.0,User_8164,94
8165.0,User_8165,55
8166.0,User_8166,77
8167.0,User_8167,51
8168.0,User_8168,28
8169.0,User_8169,60
8170.0,User_8170,46
8171.0,User_8171,18
8172.0,User_8172,29
8173.0,User_8173,77
8174.0,User_8174,82
8175.0,User_8175,70
8176.0,User_8176,84
8177.0,User_8177,30
8178.0,User_8178,15
8179.0,User_8179,29
8180.0,User_8180,48
8181.0,User_8181,54
8182.0,User_8182,82
8183.0,User_8183,18
8184.0,User_8184,41
8185.0,User_8185,38
8186.0,User_8186,21
8187.0,User_8187,40
8188.0,User_8188,42
8189.0,User_8189,56
8190.0,User_8190,75
8191.0,User_8191,19
8192.0,User_8192,69
8193.0,User_8193,16
8194.0,User_8194,67
8195.0,User_8195,83
8196.0,User_8196,36
8197.0,User_8197,93
8198.0,User_8198,17
8199.0,User_8199,41
8200.0,User_8200,95
8201.0,User_8201,19
8202.0,User_8202,92
8203.0,User_8203,93
8204.0,User_8204,83
8205.0,User_8205,26
8206.0,User_8206,68
8207.0,User_8207,58
8208.0,User_8208,67
8209.0,User_8209,13
8210.0,User_8210,33
8211.0,User_8211,80
8212.0,User_8212,67
8213.0,User_8213,20
8214.0,User_8214,47
8215.0,User_8215,49
8216.0,User_8216,20
8217.0,User_8217,24
8218.0,User_8218,61
8219.0,User_8219,74
8220.0,User_8220,74
8221.0,User_8221,25
8222.0,User_8222,61
8223.0,User_8223,88
8224.0,User_8224,12
8225.0,User_8225,31
8226.0,User_8226,34
8227.0,User_8227,29
8228.0,User_8228,34
8229.0,User_8229,22
8230.0,User_8230,62
8231.0,User_8231,11
8232.0,User_8232,94
8233.0,User_8233,52
8234.0,User_8234,57
8235.0,User_8235,64
8236.0,User_8236,42
8237.0,User_8237,47
8238.0,User_8238,83
8239.0,User_8239,12
8240.0,User_8240,68
8241.0,User_8241,47
8242.0,User_8242,80
8243.0,User_8243,54
8244.0,User_8244,44
8245.0,User_8245,14
8246.0,User_8246,63
8247.0,User_8247,67
8248.0,User_8248,37
8249.0,User_8249,15
8250.0,User_8250,35
8251.0,User_8251,71
8252.0,User_8252,13
8253.0,User_8253,34
8254.0,User_8254,44
8255.0,User_8255,74
8256.0,User_8256,93
8257.0,User_8257,59
8258.0,User_8258,16
8259.0,User_8259,93
8260.0,User_8260,83
8261.0,User_8261,46
8262.0,User_8262,55
8263.0,User_8263,87
8264.0,User_8264,75
8265.0,User_8265,19
8266.0,User_8266,31
8267.0,User_8267,66
8268.0,User_8268,71
8269.0,User_8269,42
8270.0,User_8270,86
8271.0,User_8271,92
8272.0,User_8272,46
8273.0,User_8273,66
8274.0,User_8274,35
8275.0,User_8275,86
8276.0,User_8276,12
8277.0,User_8277,51
8278.0,User_8278,22
8279.0,User_8279,18
8280.0,User_8280,81
8281.0,User_8281,74
8282.0,User_8282,59
8283.0,User_8283,76
8284.0,User_8284,11
8285.0,User_8285,44
8286.0,User_8286,91
8287.0,User_8287,14
8288.0,User_8288,46
8289.0,User_8289,53
8290.0,User_8290,17
8291.0,User_8291,75
8292.0,User_8292,83
8293.0,User_8293,11
8294.0,User_8294,87
8295.0,User_8295,53
8296.0,User_8296,92
8297.0,User_8297,78
8298.0,User_8298,82
8299.0,User_8299,39
8300.0,User_8300,54
8301.0,User_8301,18
8302.0,User_8302,85
8303.0,User_8303,55
8304.0,User_8304,75
8305.0,User_8305,23
8306.0,User_8306,71
8307.0,User_8307,40
8308.0,User_8308,79
8309.0,User_8309,56
8310.0,User_8310,72
8311.0,User_8311,61
8312.0,User_8312,27
8313.0,User_8313,56
8314.0,User_8314,47
8315.0,User_8315,48
8316.0,User_8316,61
8317.0,User_8317,19
8318.0,User_8318,51
8319.0,User_8319,33
8320.0,User_8320,80
8321.0,User_8321,52
8322.0,User_8322,83
8323.0,User_8323,64
8324.0,User_8324,67
8325.0,User_8325,81
8326.0,User_8326,24
8327.0,User_8327,22
8328.0,User_8328,55
8329.0,User_8329,53
8330.0,User_8330,66
8331.0,User_8331,30
8332.0,User_8332,92
8333.0,User_8333,27
8334.0,User_8334,60
8335.0,User_8335,87
8336.0,User_8336,62
8337.0,User_8337,75
8338.0,User_8338,13
8339.0,User_8339,40
8340.0,User_8340,69
8341.0,User_8341,63
8342.0,User_8342,92
8343.0,User_8343,29
8344.0,User_8344,65
8345.0,User_8345,65
8346.0,User_8346,78
8347.0,User_8347,38
8348.0,User_8348,56
8349.0,User_8349,90
8350.0,User_8350,66
8351.0,User_8351,41
8352.0,User_8352,71
8353.0,User_8353,34
8354.0,User_8354,59
8355.0,User_8355,65
8356.0,User_8356,49
8357.0,User_8357,75
8358.0,User_8358,66
8359.0,User_8359,27
8360.0,User_8360,69
8361.0,User_8361,58
8362.0,User_8362,61
8363.0,User_8363,89
8364.0,User_8364,41
8365.0,User_8365,55
8366.0,User_8366,16
8367.0,User_8367,49
8368.0,User_8368,35
8369.0,User_8369,12
8370.0,User_8370,59
8371.0,User_8371,67
8372.0,User_8372,65
8373.0,User_8373,46
8374.0,User_8374,85
8375.0,User_8375,72
8376.0,User_8376,65
8377.0,User_8377,65
8378.0,User_8378,28
8379.0,User_8379,74
8380.0,User_8380,66
8381.0,User_8381,93
8382.0,User_8382,86
8383.0,User_8383,12
8384.0,User_8384,74
8385.0,User_8385,15
8386.0,User_8386,73
8387.0,User_8387,76
8388.0,User_8388,33
8389.0,User_8389,66
8390.0,User_8390,65
8391.0,User_8391,89
8392.0,User_8392,41
8393.0,User_8393,28
8394.0,User_8394,60
8395.0,User_8395,80
8396.0,User_8396,34
8397.0,User_8397,75
8398.0,User_8398,25
8399.0,User_8399,41
8400.0,User_8400,27
8401.0,User_8401,79
8402.0,User_8402,82
8403.0,User_8403,23
8404.0,User_8404,75
8405.0,User_8405,37
8406.0,User_8406,54
8407.0,User_8407,30
8408.0,User_8408,82
8409.0,User_8409,51
8410.0,User_8410,16
8411.0,User_8411,85
8412.0,User_8412,94
8413.0,User_8413,85
8414.0,User_8414,15
8415.0,User_8415,23
8416.0,User_8416,28
8417.0,User_8417,72
8418.0,User_8418,28
8419.0,User_8419,31
8420.0,User_8420,74
8421.0,User_8421,76
8422.0,User_8422,10
8423.0,User_8423,62
8424.0,User_8424,42
8425.0,User_8425,77
8426.0,User_8426,28
8427.0,User_8427,41
8428.0,User_8428,40
8429.0,User_8429,87
8430.0,User_8430,45
8431.0,User_8431,17
8432.0,User_8432,14
8433.0,User_8433,17
8434.0,User_8434,66
8435.0,User_8435,13
8436.0,User_8436,79
8437.0,User_8437,63
8438.0,User_8438,11
8439.0,User_8439,30
8440.0,User_8440,65
8441.0,User_8441,61
8442.0,User_8442,49
8443.0,User_8443,42
8444.0,User_8444,76
8445.0,User_8445,10
8446.0,User_8446,76
8447.0,User_8447,29
8448.0,User_8448,49
8449.0,User_8449,79
8450.0,User_8450,10
8451.0,User_8451,74
8452.0,User_8452,83
8453.0,User_8453,56
8454.0,User_8454,62
8455.0,User_8455,46
8456.0,User_8456,80
8457.0,User_8457,13
8458.0,User_8458,23
8459.0,User_8459,46
8460.0,User_8460,15
8461.0,User_8461,21
8462.0,User_8462,45
8463.0,User_8463,69
8464.0,User_8464,89
8465.0,User_8465,46
8466.0,User_8466,22
8467.0,User_8467,23
8468.0,User_8468,52
8469.0,User_8469,25
8470.0,User_8470,33
8471.0,User_8471,19
8472.0,User_8472,21
8473.0,User_8473,47
8474.0,User_8474,79
8475.0,User_8475,95
8476.0,User_8476,57
8477.0,User_8477,92
8478.0,User_8478,52
8479.0,User_8479,38
8480.0,User_8480,94
8481.0,User_8481,71
8482.0,User_8482,94
8483.0,User_8483,50
8484.0,User_8484,27
8485.0,User_8485,92
8486.0,User_8486,75
8487.0,User_8487,82
8488.0,User_8488,78
8489.0,User_8489,49
8490.0,User_8490,73
8491.0,User_8491,32
8492.0,User_8492,71
8493.0,User_8493,64
8494.0,User_8494,25
8495.0,User_8495,51
8496.0,User_8496,16
8497.0,User_8497,78
8498.0,User_8498,12
8499.0,User_8499,36
8500.0,User_8500,11
8501.0,User_8501,30
8502.0,User_8502,75
8503.0,User_8503,36
8504.0,User_8504,33
8505.0,User_8505,22
8506.0,User_8506,70
8507.0,User_8507,77
8508.0,User_8508,39
8509.0,User_8509,19
8510.0,User_8510,76
8511.0,User_8511,12
8512.0,User_8512,40
8513.0,User_8513,70
8514.0,User_8514,40
8515.0,User_8515,85
8516.0,User_8516,85
8517.0,User_8517,88
8518.0,User_8518,85
8519.0,User_8519,16
8520.0,User_8520,44
8521.0,User_8521,22
8522.0,User_8522,72
8523.0,User_8523,35
8524.0,User_8524,18
8525.0,User_8525,30
8526.0,User_8526,32
8527.0,User_8527,58
8528.0,User_8528,23
8529.0,User_8529,45
8530.0,User_8530,41
8531.0,User_8531,23
8532.0,User_8532,95
8533.0,User_8533,32
8534.0,User_8534,38
8535.0,User_8535,86
8536.0,User_8536,72
8537.0,User_8537,71
8538.0,User_8538,94
8539.0,User_8539,14
8540.0,User_8540,46
8541.0,User_8541,19
8542.0,User_8542,52
8543.0,User_8543,21
8544.0,User_8544,71
8545.0,User_8545,21
8546.0,User_8546,25
8547.0,User_8547,91
8548.0,User_8548,10
8549.0,User_8549,58
8550.0,User_8550,46
8551.0,User_8551,34
8552.0,User_8552,69
8553.0,User_8553,45
8554.0,User_8554,90
8555.0,User_8555,87
8556.0,User_8556,34
8557.0,User_8557,14
8558.0,User_8558,86
8559.0,User_8559,26
8560.0,User_8560,70
8561.0,User_8561,90
8562.0,User_8562,67
8563.0,User_8563,90
8564.0,User_8564,17
8565.0,User_8565,35
8566.0,User_8566,28
8567.0,User_8567,64
8568.0,User_8568,77
8569.0,User_8569,46
8570.0,User_8570,51
8571.0,User_8571,89
8572.0,User_8572,44
8573.0,User_8573,11
8574.0,User_8574,65
8575.0,User_8575,76
8576.0,User_8576,32
8577.0,User_8577,12
8578.0,User_8578,21
8579.0,User_8579,27
8580.0,User_8580,41
8581.0,User_8581,67
8582.0,User_8582,78
8583.0,User_8583,92
8584.0,User_8584,80
8585.0,User_8585,66
8586.0,User_8586,74
8587.0,User_8587,63
8588.0,User_8588,29
8589.0,User_8589,85
8590.0,User_8590,29
8591.0,User_8591,62
8592.0,User_8592,41
8593.0,User_8593,14
8594.0,User_8594,51
8595.0,User_8595,61
8596.0,User_8596,87
8597.0,User_8597,40
8598.0,User_8598,60
8599.0,User_8599,42
8600.0,User_8600,94
8601.0,User_8601,87
8602.0,User_8602,56
8603.0,User_8603,17
8604.0,User_8604,82
8605.0,User_8605,47
8606.0,User_8606,73
8607.0,User_8607,56
8608.0,User_8608,88
8609.0,User_8609,83
8610.0,User_8610,87
8611.0,User_8611,31
8612.0,User_8612,66
8613.0,User_8613,70
8614.0,User_8614,17
8615.0,User_8615,77
8616.0,User_8616,84
8617.0,User_8617,13
8618.0,User_8618,42
8619.0,User_8619,70
8620.0,User_8620,80
8621.0,User_8621,66
8622.0,User_8622,91
8623.0,User_8623,41
8624.0,User_8624,76
8625.0,User_8625,84
8626.0,User_8626,37
8627.0,User_8627,14
8628.0,User_8628,42
8629.0,User_8629,88
8630.0,User_8630,66
8631.0,User_8631,18
8632.0,User_8632,29
8633.0,User_8633,46
8634.0,User_8634,47
8635.0,User_8635,86
8636.0,User_8636,38
8637.0,User_8637,46
8638.0,User_8638,71
8639.0,User_8639,52
8640.0,User_8640,55
8641.0,User_8641,10
8642.0,User_8642,34
8643.0,User_8643,32
8644.0,User_8644,54
8645.0,User_8645,57
8646.0,User_8646,13
8647.0,User_8647,71
8648.0,User_8648,16
8649.0,User_8649,95
8650.0,User_8650,92
8651.0,User_8651,54
8652.0,User_8652,35
8653.0,User_8653,27
8654.0,User_8654,33
8655.0,User_8655,16
8656.0,User_8656,19
8657.0,User_8657,26
8658.0,User_8658,53
8659.0,User_8659,34
8660.0,User_8660,27
8661.0,User_8661,77
8662.0,User_8662,31
8663.0,User_8663,63
8664.0,User_8664,85
8665.0,User_8665,28
8666.0,User_8666,59
8667.0,User_8667,20
8668.0,User_8668,22
8669.0,User_8669,30
8670.0,User_8670,41
8671.0,User_8671,47
8672.0,User_8672,62
8673.0,User_8673,94
8674.0,User_8674,64
8675.0,User_8675,30
8676.0,User_8676,94
8677.0,User_8677,78
8678.0,User_8678,49
8679.0,User_8679,95
8680.0,User_8680,11
8681.0,User_8681,51
8682.0,User_8682,16
8683.0,User_8683,26
8684.0,User_8684,37
8685.0,User_8685,15
8686.0,User_8686,82
8687.0,User_8687,88
8688.0,User_8688,88
8689.0,User_8689,73
8690.0,User_8690,68
8691.0,User_8691,20
8692.0,User_8692,82
8693.0,User_8693,54
8694.0,User_8694,44
8695.0,User_8695,32
8696.0,User_8696,45
8697.0,User_8697,52
8698.0,User_8698,39
8699.0,User_8699,60
8700.0,User_8700,16
8701.0,User_8701,88
8702.0,User_8702,37
8703.0,User_8703,89
8704.0,User_8704,50
8705.0,User_8705,60
8706.0,User_8706,22
8707.0,User_8707,82
8708.0,User_8708,83
8709.0,User_8709,30
8710.0,User_8710,19
8711.0,User_8711,34
8712.0,User_8712,19
8713.0,User_8713,58
8714.0,User_8714,37
8715.0,User_8715,45
8716.0,User_8716,40
8717.0,User_8717,45
8718.0,User_8718,93
8719.0,User_8719,21
8720.0,User_8720,90
8721.0,User_8721,55
8722.0,User_8722,52
8723.0,User_8723,44
8724.0,User_8724,62
8725.0,User_8725,42
8726.0,User_8726,67
8727.0,User_8727,25
8728.0,User_8728,60
8729.0,User_8729,83
8730.0,User_8730,86
8731.0,User_8731,76
8732.0,User_8732,66
8733.0,User_8733,37
8734.0,User_8734,38
8735.0,User_8735,53
8736.0,User_8736,92
8737.0,User_8737,54
8738.0,User_8738,61
8739.0,User_8739,58
8740.0,User_8740,87
8741.0,User_8741,11
8742.0,User_8742,58
8743.0,User_8743,28
8744.0,User_8744,62
8745.0,User_8745,18
8746.0,User_8746,60
8747.0,User_8747,27
8748.0,User_8748,65
8749.0,User_8749,19
8750.0,User_8750,90
8751.0,User_8751,17
8752.0,User_8752,76
8753.0,User_8753,89
8754.0,User_8754,77
8755.0,User_8755,30
8756.0,User_8756,64
8757.0,User_8757,76
8758.0,User_8758,68
8759.0,User_8759,38
8760.0,User_8760,37
8761.0,User_8761,73
8762.0,User_8762,42
8763.0,User_8763,37
8764.0,User_8764,64
8765.0,User_8765,89
8766.0,User_8766,38
8767.0,User_8767,14
8768.0,User_8768,94
8769.0,User_8769,81
8770.0,User_8770,73
8771.0,User_8771,15
8772.0,User_8772,59
8773.0,User_8773,60
8774.0,User_8774,84
8775.0,User_8775,56
8776.0,User_8776,63
8777.0,User_8777,40
8778.0,User_8778,72
8779.0,User_8779,87
8780.0,User_8780,57
8781.0,User_8781,68
8782.0,User_8782,72
8783.0,User_8783,58
8784.0,User_8784,76
8785.0,User_8785,32
8786.0,User_8786,23
8787.0,User_8787,31
8788.0,User_8788,85
8789.0,User_8789,27
8790.0,User_8790,64
8791.0,User_8791,11
8792.0,User_8792,26
8793.0,User_8793,73
8794.0,User_8794,49
8795.0,User_8795,75
8796.0,User_8796,19
8797.0,User_8797,10
8798.0,User_8798,47
8799.0,User_8799,12
8800.0,User_8800,45
8801.0,User_8801,85
8802.0,User_8802,62
8803.0,User_8803,15
8804.0,User_8804,39
8805.0,User_8805,95
8806.0,User_8806,76
8807.0,User_8807,60
8808.0,User_8808,80
8809.0,User_8809,49
8810.0,User_8810,63
8811.0,User_8811,70
8812.0,User_8812,11
8813.0,User_8813,33
8814.0,User_8814,22
8815.0,User_8815,28
8816.0,User_8816,11
8817.0,User_8817,35
8818.0,User_8818,30
8819.0,User_8819,31
8820.0,User_8820,23
8821.0,User_8821,10
8822.0,User_8822,22
8823.0,User_8823,41
8824.0,User_8824,31
8825.0,User_8825,21
8826.0,User_8826,85
8827.0,User_8827,46
8828.0,User_8828,38
8829.0,User_8829,15
8830.0,User_8830,80
8831.0,User_8831,10
8832.0,User_8832,26
8833.0,User_8833,93
8834.0,User_8834,74
8835.0,User_8835,56
8836.0,User_8836,50
8837.0,User_8837,63
8838.0,User_8838,46
8839.0,User_8839,63
8840.0,User_8840,48
8841.0,User_8841,88
8842.0,User_8842,86
8843.0,User_8843,21
8844.0,User_8844,74
8845.0,User_8845,31
8846.0,User_8846,65
8847.0,User_8847,25
8848.0,User_8848,82
8849.0,User_8849,31
8850.0,User_8850,91
8851.0,User_8851,37
8852.0,User_8852,46
8853.0,User_8853,60
8854.0,User_8854,32
8855.0,User_8855,26
8856.0,User_8856,88
8857.0,User_8857,26
8858.0,User_8858,76
8859.0,User_8859,52
8860.0,User_8860,19
8861.0,User_8861,47
8862.0,User_8862,84
8863.0,User_8863,66
8864.0,User_8864,78
8865.0,User_8865,93
8866.0,User_8866,33
8867.0,User_8867,83
8868.0,User_8868,66
8869.0,User_8869,28
8870.0,User_8870,53
8871.0,User_8871,92
8872.0,User_8872,90
8873.0,User_8873,45
8874.0,User_8874,66
8875.0,User_8875,64
8876.0,User_8876,78
8877.0,User_8877,47
8878.0,User_8878,66
8879.0,User_8879,11
8880.0,User_8880,47
8881.0,User_8881,16
8882.0,User_8882,18
8883.0,User_8883,80
8884.0,User_8884,71
8885.0,User_8885,61
8886.0,User_8886,36
8887.0,User_8887,50
8888.0,User_8888,45
8889.0,User_8889,46
8890.0,User_8890,92
8891.0,User_8891,36
8892.0,User_8892,23
8893.0,User_8893,52
8894.0,User_8894,35
8895.0,User_8895,84
8896.0,User_8896,76
8897.0,User_8897,48
8898.0,User_8898,78
8899.0,User_8899,75
8900.0,User_8900,74
8901.0,User_8901,65
8902.0,User_8902,48
8903.0,User_8903,43
8904.0,User_8904,46
8905.0,User_8905,38
8906.0,User_8906,17
8907.0,User_8907,20
8908.0,User_8908,76
8909.0,User_8909,45
8910.0,User_8910,39
8911.0,User_8911,38
8912.0,User_8912,85
8913.0,User_8913,20
8914.0,User_8914,86
8915.0,User_8915,94
8916.0,User_8916,87
8917.0,User_8917,13
8918.0,User_8918,91
8919.0,User_8919,60
8920.0,User_8920,42
8921.0,User_8921,39
8922.0,User_8922,60
8923.0,User_8923,61
8924.0,User_8924,37
8925.0,User_8925,45
8926.0,User_8926,73
8927.0,User_8927,88
8928.0,User_8928,89
8929.0,User_8929,75
8930.0,User_8930,35
8931.0,User_8931,94
8932.0,User_8932,53
8933.0,User_8933,37
8934.0,User_8934,75
8935.0,User_8935,12
8936.0,User_8936,38
8937.0,User_8937,88
8938.0,User_8938,32
8939.0,User_8939,69
8940.0,User_8940,31
8941.0,User_8941,36
8942.0,User_8942,37
8943.0,User_8943,88
8944.0,User_8944,60
8945.0,User_8945,95
8946.0,User_8946,69
8947.0,User_8947,66
8948.0,User_8948,10
8949.0,User_8949,55
8950.0,User_8950,61
8951.0,User_8951,23
8952.0,User_8952,13
8953.0,User_8953,38
8954.0,User_8954,84
8955.0,User_8955,55
8956.0,User_8956,25
8957.0,User_8957,81
8958.0,User_8958,34
8959.0,User_8959,22
8960.0,User_8960,33
8961.0,User_8961,61
8962.0,User_8962,67
8963.0,User_8963,93
8964.0,User_8964,73
8965.0,User_8965,86
8966.0,User_8966,48
8967.0,User_8967,80
8968.0,User_8968,83
8969.0,User_8969,60
8970.0,User_8970,70
8971.0,User_8971,44
8972.0,User_8972,43
8973.0,User_8973,22
8974.0,User_8974,46
8975.0,User_8975,13
8976.0,User_8976,62
8977.0,User_8977,49
8978.0,User_8978,56
8979.0,User_8979,62
8980.0,User_8980,82
8981.0,User_8981,72
8982.0,User_8982,59
8983.0,User_8983,80
8984.0,User_8984,71
8985.0,User_8985,48
8986.0,User_8986,17
8987.0,User_8987,74
8988.0,User_8988,19
8989.0,User_8989,42
8990.0,User_8990,33
8991.0,User_8991,48
8992.0,User_8992,12
8993.0,User_8993,31
8994.0,User_8994,12
8995.0,User_8995,79
8996.0,User_8996,92
8997.0,User_8997,68
8998.0,User_8998,42
8999.0,User_8999,66
9000.0,User_9000,26
9001.0,User_9001,21
9002.0,User_9002,84
9003.0,User_9003,20
9004.0,User_9004,80
9005.0,User_9005,31
9006.0,User_9006,33
9007.0,User_9007,50
9008.0,User_9008,71
9009.0,User_9009,33
9010.0,User_9010,89
9011.0,User_9011,91
9012.0,User_9012,12
9013.0,User_9013,72
9014.0,User_9014,80
9015.0,User_9015,70
9016.0,User_9016,71
9017.0,User_9017,60
9018.0,User_9018,24
9019.0,User_9019,55
9020.0,User_9020,46
9021.0,User_9021,55
9022.0,User_9022,88
9023.0,User_9023,73
9024.0,User_9024,42
9025.0,User_9025,52
9026.0,User_9026,25
9027.0,User_9027,48
9028.0,User_9028,92
9029.0,User_9029,84
9030.0,User_9030,82
9031.0,User_9031,67
9032.0,User_9032,81
9033.0,User_9033,46
9034.0,User_9034,92
9035.0,User_9035,39
9036.0,User_9036,31
9037.0,User_9037,65
9038.0,User_9038,54
9039.0,User_9039,14
9040.0,User_9040,38
9041.0,User_9041,20
9042.0,User_9042,26
9043.0,User_9043,52
9044.0,User_9044,93
9045.0,User_9045,27
9046.0,User_9046,10
9047.0,User_9047,36
9048.0,User_9048,21
9049.0,User_9049,46
9050.0,User_9050,26
9051.0,User_9051,13
9052.0,User_9052,30
9053.0,User_9053,87
9054.0,User_9054,43
9055.0,User_9055,72
9056.0,User_9056,60
9057.0,User_9057,73
9058.0,User_9058,90
9059.0,User_9059,38
9060.0,User_9060,87
9061.0,User_9061,75
9062.0,User_9062,31
9063.0,User_9063,57
9064.0,User_9064,79
9065.0,User_9065,22
9066.0,User_9066,68
9067.0,User_9067,62
9068.0,User_9068,20
9069.0,User_9069,26
9070.0,User_9070,87
9071.0,User_9071,31
9072.0,User_9072,18
9073.0,User_9073,55
9074.0,User_9074,60
9075.0,User_9075,56
9076.0,User_9076,15
9077.0,User_9077,11
9078.0,User_9078,37
9079.0,User_9079,47
9080.0,User_9080,41
9081.0,User_9081,39
9082.0,User_9082,67
9083.0,User_9083,47
9084.0,User_9084,60
9085.0,User_9085,42
9086.0,User_9086,35
9087.0,User_9087,26
9088.0,User_9088,73
9089.0,User_9089,31
9090.0,User_9090,81
9091.0,User_9091,20
9092.0,User_9092,59
9093.0,User_9093,61
9094.0,User_9094,13
9095.0,User_9095,31
9096.0,User_9096,59
9097.0,User_9097,33
9098.0,User_9098,65
9099.0,User_9099,15
9100.0,User_9100,78
9101.0,User_9101,29
9102.0,User_9102,68
9103.0,User_9103,51
9104.0,User_9104,84
9105.0,User_9105,59
9106.0,User_9106,18
9107.0,User_9107,84
9108.0,User_9108,32
9109.0,User_9109,67
9110.0,User_9110,13
9111.0,User_9111,73
9112.0,User_9112,82
9113.0,User_9113,89
9114.0,User_9114,33
9115.0,User_9115,32
9116.0,User_9116,87
9117.0,User_9117,15
9118.0,User_9118,29
9119.0,User_9119,10
9120.0,User_9120,42
9121.0,User_9121,50
9122.0,User_9122,92
9123.0,User_9123,59
9124.0,User_9124,52
9125.0,User_9125,76
9126.0,User_9126,90
9127.0,User_9127,46
9128.0,User_9128,62
9129.0,User_9129,26
9130.0,User_9130,31
9131.0,User_9131,53
9132.0,User_9132,87
9133.0,User_9133,24
9134.0,User_9134,17
9135.0,User_9135,57
9136.0,User_9136,71
9137.0,User_9137,86
9138.0,User_9138,35
9139.0,User_9139,34
9140.0,User_9140,95
9141.0,User_9141,49
9142.0,User_9142,23
9143.0,User_9143,81
9144.0,User_9144,40
9145.0,User_9145,26
9146.0,User_9146,34
9147.0,User_9147,45
9148.0,User_9148,64
9149.0,User_9149,71
9150.0,User_9150,45
9151.0,User_9151,22
9152.0,User_9152,49
9153.0,User_9153,35
9154.0,User_9154,27
9155.0,User_9155,37
9156.0,User_9156,34
9157.0,User_9157,71
9158.0,User_9158,13
9159.0,User_9159,75
9160.0,User_9160,68
9161.0,User_9161,53
9162.0,User_9162,56
9163.0,User_9163,10
9164.0,User_9164,52
9165.0,User_9165,67
9166.0,User_9166,55
9167.0,User_9167,50
9168.0,User_9168,16
9169.0,User_9169,64
9170.0,User_9170,28
9171.0,User_9171,95
9172.0,User_9172,22
9173.0,User_9173,93
9174.0,User_9174,76
9175.0,User_9175,59
9176.0,User_9176,29
9177.0,User_9177,82
9178.0,User_9178,22
9179.0,User_9179,56
9180.0,User_9180,10
9181.0,User_9181,83
9182.0,User_9182,37
9183.0,User_9183,80
9184.0,User_9184,61
9185.0,User_9185,65
9186.0,User_9186,49
9187.0,User_9187,49
9188.0,User_9188,93
9189.0,User_9189,16
9190.0,User_9190,22
9191.0,User_9191,86
9192.0,User_9192,84
9193.0,User_9193,10
9194.0,User_9194,66
9195.0,User_9195,42
9196.0,User_9196,87
9197.0,User_9197,56
9198.0,User_9198,18
9199.0,User_9199,37
9200.0,User_9200,73
9201.0,User_9201,45
9202.0,User_9202,32
9203.0,User_9203,46
9204.0,User_9204,60
9205.0,User_9205,84
9206.0,User_9206,75
9207.0,User_9207,13
9208.0,User_9208,13
9209.0,User_9209,75
9210.0,User_9210,74
9211.0,User_9211,14
9212.0,User_9212,60
9213.0,User_9213,55
9214.0,User_9214,88
9215.0,User_9215,89
9216.0,User_9216,85
9217.0,User_9217,50
9218.0,User_9218,44
9219.0,User_9219,72
9220.0,User_9220,56
9221.0,User_9221,49
9222.0,User_9222,91
9223.0,User_9223,45
9224.0,User_9224,83
9225.0,User_9225,35
9226.0,User_9226,32
9227.0,User_9227,85
9228.0,User_9228,17
9229.0,User_9229,72
9230.0,User_9230,37
9231.0,User_9231,38
9232.0,User_9232,81
9233.0,User_9233,91
9234.0,User_9234,41
9235.0,User_9235,19
9236.0,User_9236,45
9237.0,User_9237,83
9238.0,User_9238,46
9239.0,User_9239,82
9240.0,User_9240,14
9241.0,User_9241,89
9242.0,User_9242,37
9243.0,User_9243,56
9244.0,User_9244,43
9245.0,User_9245,10
9246.0,User_9246,59
9247.0,User_9247,32
9248.0,User_9248,57
9249.0,User_9249,62
9250.0,User_9250,19
9251.0,User_9251,18
9252.0,User_9252,18
9253.0,User_9253,53
9254.0,User_9254,89
9255.0,User_9255,42
9256.0,User_9256,22
9257.0,User_9257,22
9258.0,User_9258,59
9259.0,User_9259,41
9260.0,User_9260,23
9261.0,User_9261,87
9262.0,User_9262,77
9263.0,User_9263,87
9264.0,User_9264,71
9265.0,User_9265,26
9266.0,User_9266,37
9267.0,User_9267,15
9268.0,User_9268,19
9269.0,User_9269,75
9270.0,User_9270,50
9271.0,User_9271,19
9272.0,User_9272,83
9273.0,User_9273,86
9274.0,User_9274,29
9275.0,User_9275,54
9276.0,User_9276,87
9277.0,User_9277,10
9278.0,User_9278,44
9279.0,User_9279,81
9280.0,User_9280,74
9281.0,User_9281,48
9282.0,User_9282,73
9283.0,User_9283,29
9284.0,User_9284,27
9285.0,User_9285,59
9286.0,User_9286,75
9287.0,User_9287,13
9288.0,User_9288,24
9289.0,User_9289,61
9290.0,User_9290,30
9291.0,User_9291,55
9292.0,User_9292,71
9293.0,User_9293,38
9294.0,User_9294,49
9295.0,User_9295,35
9296.0,User_9296,57
9297.0,User_9297,31
9298.0,User_9298,94
9299.0,User_9299,90
9300.0,User_9300,24
9301.0,User_9301,86
9302.0,User_9302,76
9303.0,User_9303,66
9304.0,User_9304,59
9305.0,User_9305,54
9306.0,User_9306,89
9307.0,User_9307,16
9308.0,User_9308,49
9309.0,User_9309,94
9310.0,User_9310,33
9311.0,User_9311,58
9312.0,User_9312,81
9313.0,User_9313,86
9314.0,User_9314,80
9315.0,User_9315,70
9316.0,User_9316,68
9317.0,User_9317,38
9318.0,User_9318,93
9319.0,User_9319,73
9320.0,User_9320,93
9321.0,User_9321,29
9322.0,User_9322,26
9323.0,User_9323,55
9324.0,User_9324,52
9325.0,User_9325,49
9326.0,User_9326,24
9327.0,User_9327,58
9328.0,User_9328,93
9329.0,User_9329,25
9330.0,User_9330,61
9331.0,User_9331,24
9332.0,User_9332,90
9333.0,User_9333,80
9334.0,User_9334,28
9335.0,User_9335,47
9336.0,User_9336,19
9337.0,User_9337,39
9338.0,User_9338,62
9339.0,User_9339,33
9340.0,User_9340,76
9341.0,User_9341,73
9342.0,User_9342,19
9343.0,User_9343,31
9344.0,User_9344,60
9345.0,User_9345,55
9346.0,User_9346,10
9347.0,User_9347,95
9348.0,User_9348,95
9349.0,User_9349,65
9350.0,User_9350,84
9351.0,User_9351,88
9352.0,User_9352,89
9353.0,User_9353,47
9354.0,User_9354,78
9355.0,User_9355,79
9356.0,User_9356,75
9357.0,User_9357,31
9358.0,User_9358,91
9359.0,User_9359,63
9360.0,User_9360,16
9361.0,User_9361,23
9362.0,User_9362,72
9363.0,User_9363,49
9364.0,User_9364,46
9365.0,User_9365,88
9366.0,User_9366,32
9367.0,User_9367,88
9368.0,User_9368,67
9369.0,User_9369,27
9370.0,User_9370,20
9371.0,User_9371,75
9372.0,User_9372,23
9373.0,User_9373,91
9374.0,User_9374,29
9375.0,User_9375,48
9376.0,User_9376,71
9377.0,User_9377,52
9378.0,User_9378,16
9379.0,User_9379,20
9380.0,User_9380,24
9381.0,User_9381,64
9382.0,User_9382,12
9383.0,User_9383,92
9384.0,User_9384,94
9385.0,User_9385,41
9386.0,User_9386,84
9387.0,User_9387,63
9388.0,User_9388,50
9389.0,User_9389,79
9390.0,User_9390,59
9391.0,User_9391,18
9392.0,User_9392,69
9393.0,User_9393,24
9394.0,User_9394,71
9395.0,User_9395,58
9396.0,User_9396,46
9397.0,User_9397,94
9398.0,User_9398,60
9399.0,User_9399,13
9400.0,User_9400,68
9401.0,User_9401,61
9402.0,User_9402,88
9403.0,User_9403,47
9404.0,User_9404,68
9405.0,User_9405,93
9406.0,User_9406,59
9407.0,User_9407,86
9408.0,User_9408,74
9409.0,User_9409,52
9410.0,User_9410,66
9411.0,User_9411,38
9412.0,User_9412,44
9413.0,User_9413,24
9414.0,User_9414,86
9415.0,User_9415,88
9416.0,User_9416,55
9417.0,User_9417,30
9418.0,User_9418,75
9419.0,User_9419,76
9420.0,User_9420,38
9421.0,User_9421,48
9422.0,User_9422,82
9423.0,User_9423,61
9424.0,User_9424,88
9425.0,User_9425,92
9426.0,User_9426,39
9427.0,User_9427,66
9428.0,User_9428,73
9429.0,User_9429,65
9430.0,User_9430,69
9431.0,User_9431,27
9432.0,User_9432,37
9433.0,User_9433,62
9434.0,User_9434,34
9435.0,User_9435,31
9436.0,User_9436,46
9437.0,User_9437,82
9438.0,User_9438,58
9439.0,User_9439,20
9440.0,User_9440,16
9441.0,User_9441,32
9442.0,User_9442,66
9443.0,User_9443,35
9444.0,User_9444,71
9445.0,User_9445,28
9446.0,User_9446,46
9447.0,User_9447,60
9448.0,User_9448,41
9449.0,User_9449,76
9450.0,User_9450,45
9451.0,User_9451,86
9452.0,User_9452,46
9453.0,User_9453,58
9454.0,User_9454,76
9455.0,User_9455,36
9456.0,User_9456,14
9457.0,User_9457,40
9458.0,User_9458,85
9459.0,User_9459,30
9460.0,User_9460,42
9461.0,User_9461,21
9462.0,User_9462,42
9463.0,User_9463,69
9464.0,User_9464,54
9465.0,User_9465,51
9466.0,User_9466,48
9467.0,User_9467,10
9468.0,User_9468,79
9469.0,User_9469,71
9470.0,User_9470,81
9471.0,User_9471,25
9472.0,User_9472,18
9473.0,User_9473,54
9474.0,User_9474,22
9475.0,User_9475,30
9476.0,User_9476,81
9477.0,User_9477,24
9478.0,User_9478,82
9479.0,User_9479,23
9480.0,User_9480,40
9481.0,User_9481,35
9482.0,User_9482,33
9483.0,User_9483,91
9484.0,User_9484,41
9485.0,User_9485,43
9486.0,User_9486,10
9487.0,User_9487,55
9488.0,User_9488,30
9489.0,User_9489,33
9490.0,User_9490,73
9491.0,User_9491,80
9492.0,User_9492,90
9493.0,User_9493,23
9494.0,User_9494,72
9495.0,User_9495,88
9496.0,User_9496,82
9497.0,User_9497,83
9498.0,User_9498,32
9499.0,User_9499,74
9500.0,User_9500,69
9501.0,User_9501,90
9502.0,User_9502,64
9503.0,User_9503,32
9504.0,User_9504,28
9505.0,User_9505,55
9506.0,User_9506,79
9507.0,User_9507,63
9508.0,User_9508,75
9509.0,User_9509,88
9510.0,User_9510,16
9511.0,User_9511,60
9512.0,User_9512,50
9513.0,User_9513,85
9514.0,User_9514,53
9515.0,User_9515,19
9516.0,User_9516,78
9517.0,User_9517,87
9518.0,User_9518,29
9519.0,User_9519,12
9520.0,User_9520,25
9521.0,User_9521,20
9522.0,User_9522,45
9523.0,User_9523,60
9524.0,User_9524,21
9525.0,User_9525,29
9526.0,User_9526,78
9527.0,User_9527,24
9528.0,User_9528,53
9529.0,User_9529,75
9530.0,User_9530,71
9531.0,User_9531,83
9532.0,User_9532,13
9533.0,User_9533,88
9534.0,User_9534,64
9535.0,User_9535,35
9536.0,User_9536,81
9537.0,User_9537,16
9538.0,User_9538,33
9539.0,User_9539,23
9540.0,User_9540,75
9541.0,User_9541,80
9542.0,User_9542,16
9543.0,User_9543,17
9544.0,User_9544,43
9545.0,User_9545,32
9546.0,User_9546,59
9547.0,User_9547,54
9548.0,User_9548,75
9549.0,User_9549,65
9550.0,User_9550,71
9551.0,User_9551,58
9552.0,User_9552,71
9553.0,User_9553,36
9554.0,User_9554,24
9555.0,User_9555,81
9556.0,User_9556,74
9557.0,User_9557,95
9558.0,User_9558,27
9559.0,User_9559,78
9560.0,User_9560,60
9561.0,User_9561,52
9562.0,User_9562,83
9563.0,User_9563,65
9564.0,User_9564,46
9565.0,User_9565,91
9566.0,User_9566,24
9567.0,User_9567,80
9568.0,User_9568,14
9569.0,User_9569,46
9570.0,User_9570,57
9571.0,User_9571,41
9572.0,User_9572,54
9573.0,User_9573,23
9574.0,User_9574,21
9575.0,User_9575,58
9576.0,User_9576,14
9577.0,User_9577,45
9578.0,User_9578,92
9579.0,User_9579,39
9580.0,User_9580,17
9581.0,User_9581,48
9582.0,User_9582,15
9583.0,User_9583,59
9584.0,User_9584,30
9585.0,User_9585,32
9586.0,User_9586,23
9587.0,User_9587,84
9588.0,User_9588,86
9589.0,User_9589,60
9590.0,User_9590,78
9591.0,User_9591,45
9592.0,User_9592,17
9593.0,User_9593,32
9594.0,User_9594,31
9595.0,User_9595,70
9596.0,User_9596,39
9597.0,User_9597,33
9598.0,User_9598,39
9599.0,User_9599,79
9600.0,User_9600,57
9601.0,User_9601,67
9602.0,User_9602,88
9603.0,User_9603,52
9604.0,User_9604,84
9605.0,User_9605,71
9606.0,User_9606,71
9607.0,User_9607,21
9608.0,User_9608,12
9609.0,User_9609,37
9610.0,User_9610,43
9611.0,User_9611,53
9612.0,User_9612,36
9613.0,User_9613,13
9614.0,User_9614,67
9615.0,User_9615,78
9616.0,User_9616,77
9617.0,User_9617,30
9618.0,User_9618,37
9619.0,User_9619,84
9620.0,User_9620,21
9621.0,User_9621,31
9622.0,User_9622,75
9623.0,User_9623,85
9624.0,User_9624,89
9625.0,User_9625,35
9626.0,User_9626,14
9627.0,User_9627,66
9628.0,User_9628,18
9629.0,User_9629,57
9630.0,User_9630,75
9631.0,User_9631,91
9632.0,User_9632,78
9633.0,User_9633,56
9634.0,User_9634,15
9635.0,User_9635,37
9636.0,User_9636,58
9637.0,User_9637,20
9638.0,User_9638,61
9639.0,User_9639,49
9640.0,User_9640,17
9641.0,User_9641,47
9642.0,User_9642,67
9643.0,User_9643,69
9644.0,User_9644,63
9645.0,User_9645,14
9646.0,User_9646,35
9647.0,User_9647,19
9648.0,User_9648,38
9649.0,User_9649,24
9650.0,User_9650,85
9651.0,User_9651,49
9652.0,User_9652,63
9653.0,User_9653,76
9654.0,User_9654,75
9655.0,User_9655,62
9656.0,User_9656,43
9657.0,User_9657,61
9658.0,User_9658,31
9659.0,User_9659,63
9660.0,User_9660,69
9661.0,User_9661,79
9662.0,User_9662,56
9663.0,User_9663,53
9664.0,User_9664,69
9665.0,User_9665,43
9666.0,User_9666,27
9667.0,User_9667,21
9668.0,User_9668,64
9669.0,User_9669,23
9670.0,User_9670,59
9671.0,User_9671,95
9672.0,User_9672,66
9673.0,User_9673,85
9674.0,User_9674,84
9675.0,User_9675,91
9676.0,User_9676,51
9677.0,User_9677,77
9678.0,User_9678,69
9679.0,User_9679,30
9680.0,User_9680,42
9681.0,User_9681,95
9682.0,User_9682,18
9683.0,User_9683,22
9684.0,User_9684,92
9685.0,User_9685,81
9686.0,User_9686,87
9687.0,User_9687,77
9688.0,User_9688,36
9689.0,User_9689,77
9690.0,User_9690,23
9691.0,User_9691,80
9692.0,User_9692,23
9693.0,User_9693,89
9694.0,User_9694,46
9695.0,User_9695,50
9696.0,User_9696,75
9697.0,User_9697,51
9698.0,User_9698,81
9699.0,User_9699,44
9700.0,User_9700,42
9701.0,User_9701,73
9702.0,User_9702,65
9703.0,User_9703,16
9704.0,User_9704,55
9705.0,User_9705,70
9706.0,User_9706,57
9707.0,User_9707,65
9708.0,User_9708,72
9709.0,User_9709,93
9710.0,User_9710,69
9711.0,User_9711,22
9712.0,User_9712,19
9713.0,User_9713,84
9714.0,User_9714,23
9715.0,User_9715,67
9716.0,User_9716,35
9717.0,User_9717,72
9718.0,User_9718,32
9719.0,User_9719,12
9720.0,User_9720,64
9721.0,User_9721,57
9722.0,User_9722,52
9723.0,User_9723,93
9724.0,User_9724,47
9725.0,User_9725,86
9726.0,User_9726,59
9727.0,User_9727,15
9728.0,User_9728,79
9729.0,User_9729,45
9730.0,User_9730,46
9731.0,User_9731,18
9732.0,User_9732,72
9733.0,User_9733,28
9734.0,User_9734,82
9735.0,User_9735,65
9736.0,User_9736,80
9737.0,User_9737,35
9738.0,User_9738,45
9739.0,User_9739,34
9740.0,User_9740,76
9741.0,User_9741,75
9742.0,User_9742,63
9743.0,User_9743,59
9744.0,User_9744,44
9745.0,User_9745,32
9746.0,User_9746,65
9747.0,User_9747,12
9748.0,User_9748,42
9749.0,User_9749,54
9750.0,User_9750,35
9751.0,User_9751,86
9752.0,User_9752,58
9753.0,User_9753,10
9754.0,User_9754,42
9755.0,User_9755,94
9756.0,User_9756,70
9757.0,User_9757,37
9758.0,User_9758,80
9759.0,User_9759,37
9760.0,User_9760,90
9761.0,User_9761,75
9762.0,User_9762,45
9763.0,User_9763,72
9764.0,User_9764,89
9765.0,User_9765,52
9766.0,User_9766,57
9767.0,User_9767,46
9768.0,User_9768,13
9769.0,User_9769,31
9770.0,User_9770,92
9771.0,User_9771,79
9772.0,User_9772,65
9773.0,User_9773,77
9774.0,User_9774,58
9775.0,User_9775,84
9776.0,User_9776,22
9777.0,User_9777,53
9778.0,User_9778,92
9779.0,User_9779,45
9780.0,User_9780,53
9781.0,User_9781,39
9782.0,User_9782,50
9783.0,User_9783,14
9784.0,User_9784,92
9785.0,User_9785,55
9786.0,User_9786,23
9787.0,User_9787,29
9788.0,User_9788,45
9789.0,User_9789,13
9790.0,User_9790,71
9791.0,User_9791,55
9792.0,User_9792,40
9793.0,User_9793,12
9794.0,User_9794,55
9795.0,User_9795,20
9796.0,User_9796,65
9797.0,User_9797,65
9798.0,User_9798,23
9799.0,User_9799,10
9800.0,User_9800,22
9801.0,User_9801,55
9802.0,User_9802,64
9803.0,User_9803,89
9804.0,User_9804,86
9805.0,User_9805,34
9806.0,User_9806,91
9807.0,User_9807,60
9808.0,User_9808,70
9809.0,User_9809,47
9810.0,User_9810,43
9811.0,User_9811,72
9812.0,User_9812,83
9813.0,User_9813,16
9814.0,User_9814,49
9815.0,User_9815,67
9816.0,User_9816,20
9817.0,User_9817,69
9818.0,User_9818,74
9819.0,User_9819,62
9820.0,User_9820,95
9821.0,User_9821,55
9822.0,User_9822,71
9823.0,User_9823,34
9824.0,User_9824,57
9825.0,User_9825,21
9826.0,User_9826,79
9827.0,User_9827,47
9828.0,User_9828,71
9829.0,User_9829,13
9830.0,User_9830,82
9831.0,User_9831,35
9832.0,User_9832,31
9833.0,User_9833,36
9834.0,User_9834,65
9835.0,User_9835,50
9836.0,User_9836,21
9837.0,User_9837,34
9838.0,User_9838,30
9839.0,User_9839,93
9840.0,User_9840,53
9841.0,User_9841,80
9842.0,User_9842,63
9843.0,User_9843,31
9844.0,User_9844,18
9845.0,User_9845,42
9846.0,User_9846,47
9847.0,User_9847,63
9848.0,User_9848,39
9849.0,User_9849,87
9850.0,User_9850,68
9851.0,User_9851,80
9852.0,User_9852,93
9853.0,User_9853,60
9854.0,User_9854,25
9855.0,User_9855,24
9856.0,User_9856,32
9857.0,User_9857,48
9858.0,User_9858,74
9859.0,User_9859,94
9860.0,User_9860,58
9861.0,User_9861,43
9862.0,User_9862,66
9863.0,User_9863,77
9864.0,User_9864,81
9865.0,User_9865,32
9866.0,User_9866,88
9867.0,User_9867,51
9868.0,User_9868,53
9869.0,User_9869,65
9870.0,User_9870,49
9871.0,User_9871,66
9872.0,User_9872,73
9873.0,User_9873,40
9874.0,User_9874,31
9875.0,User_9875,33
9876.0,User_9876,93
9877.0,User_9877,11
9878.0,User_9878,19
9879.0,User_9879,55
9880.0,User_9880,84
9881.0,User_9881,95
9882.0,User_9882,23
9883.0,User_9883,74
9884.0,User_9884,77
9885.0,User_9885,77
9886.0,User_9886,59
9887.0,User_9887,53
9888.0,User_9888,38
9889.0,User_9889,55
9890.0,User_9890,76
9891.0,User_9891,82
9892.0,User_9892,77
9893.0,User_9893,51
9894.0,User_9894,94
9895.0,User_9895,33
9896.0,User_9896,84
9897.0,User_9897,74
9898.0,User_9898,87
9899.0,User_9899,19
9900.0,User_9900,76
9901.0,User_9901,77
9902.0,User_9902,74
9903.0,User_9903,70
9904.0,User_9904,48
9905.0,User_9905,63
9906.0,User_9906,69
9907.0,User_9907,71
9908.0,User_9908,68
9909.0,User_9909,13
9910.0,User_9910,43
9911.0,User_9911,63
9912.0,User_9912,15
9913.0,User_9913,82
9914.0,User_9914,64
9915.0,User_9915,58
9916.0,User_9916,92
9917.0,User_9917,40
9918.0,User_9918,26
9919.0,User_9919,47
9920.0,User_9920,75
9921.0,User_9921,13
9922.0,User_9922,26
9923.0,User_9923,29
9924.0,User_9924,18
9925.0,User_9925,92
9926.0,User_9926,49
9927.0,User_9927,66
9928.0,User_9928,26
9929.0,User_9929,26
9930.0,User_9930,13
9931.0,User_9931,53
9932.0,User_9932,30
9933.0,User_9933,78
9934.0,User_9934,22
9935.0,User_9935,86
9936.0,User_9936,79
9937.0,User_9937,86
9938.0,User_9938,46
9939.0,User_9939,11
9940.0,User_9940,40
9941.0,User_9941,31
9942.0,User_9942,78
9943.0,User_9943,17
9944.0,User_9944,49
9945.0,User_9945,28
9946.0,User_9946,71
9947.0,User_9947,45
9948.0,User_9948,55
9949.0,User_9949,24
9950.0,User_9950,19
9951.0,User_9951,60
9952.0,User_9952,20
9953.0,User_9953,35
9954.0,User_9954,31
9955.0,User_9955,55
9956.0,User_9956,71
9957.0,User_9957,58
9958.0,User_9958,29
9959.0,User_9959,29
9960.0,User_9960,30
9961.0,User_9961,51
9962.0,User_9962,89
9963.0,User_9963,90
9964.0,User_9964,27
9965.0,User_9965,26
9966.0,User_9966,78
9967.0,User_9967,75
9968.0,User_9968,69
9969.0,User_9969,42
9970.0,User_9970,92
9971.0,User_9971,87
9972.0,User_9972,49
9973.0,User_9973,71
9974.0,User_9974,74
9975.0,User_9975,66
9976.0,User_9976,48
9977.0,User_9977,86
9978.0,User_9978,65
9979.0,User_9979,69
9980.0,User_9980,24
9981.0,User_9981,81
9982.0,User_9982,19
9983.0,User_9983,34
9984.0,User_9984,10
9985.0,User_9985,58
9986.0,User_9986,52
9987.0,User_9987,19
9988.0,User_9988,37
9989.0,User_9989,20
9990.0,User_9990,10
9991.0,User_9991,69
9992.0,User_9992,30
9993.0,User_9993,23
9994.0,User_9994,82
9995.0,User_9995,93
9996.0,User_9996,38
9997.0,User_9997,35
9998.0,User_9998,31
9999.0,User_9999,39
10000.0,User_10000,28
10001.0,User_10001,13
10002.0,User_10002,55
10003.0,User_10003,60
10004.0,User_10004,62
10005.0,User_10005,62
10006.0,User_10006,23
10007.0,User_10007,70
10008.0,User_10008,84
10009.0,User_10009,51
10010.0,User_10010,21
10011.0,User_10011,35
10012.0,User_10012,49
10013.0,User_10013,93
10014.0,User_10014,79
10015.0,User_10015,94
10016.0,User_10016,21
10017.0,User_10017,93
10018.0,User_10018,28
10019.0,User_10019,61
10020.0,User_10020,21
10021.0,User_10021,50
10022.0,User_10022,92
10023.0,User_10023,33
10024.0,User_10024,55
10025.0,User_10025,68
10026.0,User_10026,17
10027.0,User_10027,70
10028.0,User_10028,28
10029.0,User_10029,33
10030.0,User_10030,37
10031.0,User_10031,42
10032.0,User_10032,88
10033.0,User_10033,51
10034.0,User_10034,56
10035.0,User_10035,31
10036.0,User_10036,12
10037.0,User_10037,14
10038.0,User_10038,25
10039.0,User_10039,92
10040.0,User_10040,81
10041.0,User_10041,27
10042.0,User_10042,68
10043.0,User_10043,24
10044.0,User_10044,50
10045.0,User_10045,15
10046.0,User_10046,78
10047.0,User_10047,20
10048.0,User_10048,46
10049.0,User_10049,11
10050.0,User_10050,79
10051.0,User_10051,54
10052.0,User_10052,77
10053.0,User_10053,95
10054.0,User_10054,57
10055.0,User_10055,55
10056.0,User_10056,86
10057.0,User_10057,87
10058.0,User_10058,22
10059.0,User_10059,71
10060.0,User_10060,64
10061.0,User_10061,59
10062.0,User_10062,49
10063.0,User_10063,16
10064.0,User_10064,40
10065.0,User_10065,92
10066.0,User_10066,46
10067.0,User_10067,84
10068.0,User_10068,82
10069.0,User_10069,29
10070.0,User_10070,52
10071.0,User_10071,69
10072.0,User_10072,89
10073.0,User_10073,90
10074.0,User_10074,76
10075.0,User_10075,67
10076.0,User_10076,92
10077.0,User_10077,15
10078.0,User_10078,89
10079.0,User_10079,65
10080.0,User_10080,68
10081.0,User_10081,78
10082.0,User_10082,53
10083.0,User_10083,20
10084.0,User_10084,93
10085.0,User_10085,22
10086.0,User_10086,80
10087.0,User_10087,76
10088.0,User_10088,23
10089.0,User_10089,89
10090.0,User_10090,32
10091.0,User_10091,58
10092.0,User_10092,37
10093.0,User_10093,60
10094.0,User_10094,72
10095.0,User_10095,15
10096.0,User_10096,19
10097.0,User_10097,95
10098.0,User_10098,19
10099.0,User_10099,29
10100.0,User_10100,16
10101.0,User_10101,91
10102.0,User_10102,82
10103.0,User_10103,62
10104.0,User_10104,52
10105.0,User_10105,85
10106.0,User_10106,69
10107.0,User_10107,35
10108.0,User_10108,74
10109.0,User_10109,28
10110.0,User_10110,46
10111.0,User_10111,32
10112.0,User_10112,59
10113.0,User_10113,10
10114.0,User_10114,60
10115.0,User_10115,80
10116.0,User_10116,36
10117.0,User_10117,46
10118.0,User_10118,76
10119.0,User_10119,72
10120.0,User_10120,18
10121.0,User_10121,83
10122.0,User_10122,82
10123.0,User_10123,84
10124.0,User_10124,82
10125.0,User_10125,59
10126.0,User_10126,38
10127.0,User_10127,23
10128.0,User_10128,40
10129.0,User_10129,37
10130.0,User_10130,70
10131.0,User_10131,95
10132.0,User_10132,82
10133.0,User_10133,59
10134.0,User_10134,54
10135.0,User_10135,25
10136.0,User_10136,69
10137.0,User_10137,11
10138.0,User_10138,73
10139.0,User_10139,71
10140.0,User_10140,26
10141.0,User_10141,61
10142.0,User_10142,79
10143.0,User_10143,14
10144.0,User_10144,17
10145.0,User_10145,57
10146.0,User_10146,67
10147.0,User_10147,53
10148.0,User_10148,13
10149.0,User_10149,60
10150.0,User_10150,95
10151.0,User_10151,49
10152.0,User_10152,70
10153.0,User_10153,29
10154.0,User_10154,38
10155.0,User_10155,24
10156.0,User_10156,46
10157.0,User_10157,75
10158.0,User_10158,45
10159.0,User_10159,22
10160.0,User_10160,82
10161.0,User_10161,20
10162.0,User_10162,32
10163.0,User_10163,22
10164.0,User_10164,33
10165.0,User_10165,23
10166.0,User_10166,22
10167.0,User_10167,38
10168.0,User_10168,33
10169.0,User_10169,67
10170.0,User_10170,46
10171.0,User_10171,88
10172.0,User_10172,81
10173.0,User_10173,56
10174.0,User_10174,74
10175.0,User_10175,81
10176.0,User_10176,18
10177.0,User_10177,26
10178.0,User_10178,46
10179.0,User_10179,33
10180.0,User_10180,77
10181.0,User_10181,58
10182.0,User_10182,10
10183.0,User_10183,54
10184.0,User_10184,48
10185.0,User_10185,13
10186.0,User_10186,81
10187.0,User_10187,94
10188.0,User_10188,94
10189.0,User_10189,19
10190.0,User_10190,81
10191.0,User_10191,10
10192.0,User_10192,90
10193.0,User_10193,86
10194.0,User_10194,46
10195.0,User_10195,61
10196.0,User_10196,81
10197.0,User_10197,29
10198.0,User_10198,11
10199.0,User_10199,35
10200.0,User_10200,70
10201.0,User_10201,10
10202.0,User_10202,75
10203.0,User_10203,95
10204.0,User_10204,51
10205.0,User_10205,63
10206.0,User_10206,18
10207.0,User_10207,78
10208.0,User_10208,86
10209.0,User_10209,13
10210.0,User_10210,58
10211.0,User_10211,87
10212.0,User_10212,91
10213.0,User_10213,57
10214.0,User_10214,62
10215.0,User_10215,84
10216.0,User_10216,59
10217.0,User_10217,55
10218.0,User_10218,86
10219.0,User_10219,57
10220.0,User_10220,82
10221.0,User_10221,38
10222.0,User_10222,26
10223.0,User_10223,66
10224.0,User_10224,13
10225.0,User_10225,65
10226.0,User_10226,43
10227.0,User_10227,11
10228.0,User_10228,39
10229.0,User_10229,66
10230.0,User_10230,33
10231.0,User_10231,32
10232.0,User_10232,82
10233.0,User_10233,80
10234.0,User_10234,91
10235.0,User_10235,24
10236.0,User_10236,82
10237.0,User_10237,12
10238.0,User_10238,83
10239.0,User_10239,39
10240.0,User_10240,49
10241.0,User_10241,39
10242.0,User_10242,65
10243.0,User_10243,13
10244.0,User_10244,38
10245.0,User_10245,82
10246.0,User_10246,22
10247.0,User_10247,63
10248.0,User_10248,68
10249.0,User_10249,85
10250.0,User_10250,43
10251.0,User_10251,85
10252.0,User_10252,39
10253.0,User_10253,62
10254.0,User_10254,44
10255.0,User_10255,92
10256.0,User_10256,41
10257.0,User_10257,45
10258.0,User_10258,91
10259.0,User_10259,74
10260.0,User_10260,52
10261.0,User_10261,60
10262.0,User_10262,76
10263.0,User_10263,79
10264.0,User_10264,40
10265.0,User_10265,68
10266.0,User_10266,65
10267.0,User_10267,41
10268.0,User_10268,65
10269.0,User_10269,60
10270.0,User_10270,27
10271.0,User_10271,20
10272.0,User_10272,74
10273.0,User_10273,37
10274.0,User_10274,76
10275.0,User_10275,76
10276.0,User_10276,76
10277.0,User_10277,74
10278.0,User_10278,60
10279.0,User_10279,46
10280.0,User_10280,42
10281.0,User_10281,46
10282.0,User_10282,18
10283.0,User_10283,94
10284.0,User_10284,75
10285.0,User_10285,75
10286.0,User_10286,49
10287.0,User_10287,95
10288.0,User_10288,35
10289.0,User_10289,24
10290.0,User_10290,31
10291.0,User_10291,39
10292.0,User_10292,39
10293.0,User_10293,28
10294.0,User_10294,21
10295.0,User_10295,84
10296.0,User_10296,41
10297.0,User_10297,15
10298.0,User_10298,83
10299.0,User_10299,75
10300.0,User_10300,17
10301.0,User_10301,66
10302.0,User_10302,52
10303.0,User_10303,13
10304.0,User_10304,32
10305.0,User_10305,48
10306.0,User_10306,92
10307.0,User_10307,19
10308.0,User_10308,81
10309.0,User_10309,55
10310.0,User_10310,31
10311.0,User_10311,43
10312.0,User_10312,67
10313.0,User_10313,90
10314.0,User_10314,43
10315.0,User_10315,40
10316.0,User_10316,13
10317.0,User_10317,32
10318.0,User_10318,24
10319.0,User_10319,78
10320.0,User_10320,19
10321.0,User_10321,66
10322.0,User_10322,45
10323.0,User_10323,23
10324.0,User_10324,52
10325.0,User_10325,17
10326.0,User_10326,71
10327.0,User_10327,94
10328.0,User_10328,73
10329.0,User_10329,18
10330.0,User_10330,28
10331.0,User_10331,21
10332.0,User_10332,95
10333.0,User_10333,63
10334.0,User_10334,24
10335.0,User_10335,94
10336.0,User_10336,85
10337.0,User_10337,61
10338.0,User_10338,51
10339.0,User_10339,15
10340.0,User_10340,36
10341.0,User_10341,95
10342.0,User_10342,78
10343.0,User_10343,39
10344.0,User_10344,41
10345.0,User_10345,76
10346.0,User_10346,39
10347.0,User_10347,65
10348.0,User_10348,53
10349.0,User_10349,65
10350.0,User_10350,13
10351.0,User_10351,35
10352.0,User_10352,10
10353.0,User_10353,43
10354.0,User_10354,28
10355.0,User_10355,60
10356.0,User_10356,51
10357.0,User_10357,87
10358.0,User_10358,69
10359.0,User_10359,17
10360.0,User_10360,44
10361.0,User_10361,77
10362.0,User_10362,84
10363.0,User_10363,49
10364.0,User_10364,77
10365.0,User_10365,30
10366.0,User_10366,61
10367.0,User_10367,11
10368.0,User_10368,45
10369.0,User_10369,77
10370.0,User_10370,84
10371.0,User_10371,20
10372.0,User_10372,12
10373.0,User_10373,92
10374.0,User_10374,53
10375.0,User_10375,75
10376.0,User_10376,95
10377.0,User_10377,76
10378.0,User_10378,10
10379.0,User_10379,14
10380.0,User_10380,47
10381.0,User_10381,24
10382.0,User_10382,88
10383.0,User_10383,53
10384.0,User_10384,80
10385.0,User_10385,94
10386.0,User_10386,57
10387.0,User_10387,66
10388.0,User_10388,30
10389.0,User_10389,79
10390.0,User_10390,20
10391.0,User_10391,30
10392.0,User_10392,89
10393.0,User_10393,86
10394.0,User_10394,33
10395.0,User_10395,14
10396.0,User_10396,19
10397.0,User_10397,81
10398.0,User_10398,45
10399.0,User_10399,44
10400.0,User_10400,73
10401.0,User_10401,86
10402.0,User_10402,49
10403.0,User_10403,33
10404.0,User_10404,35
10405.0,User_10405,77
10406.0,User_10406,17
10407.0,User_10407,14
10408.0,User_10408,92
10409.0,User_10409,15
10410.0,User_10410,15
10411.0,User_10411,14
10412.0,User_10412,64
10413.0,User_10413,50
10414.0,User_10414,88
10415.0,User_10415,33
10416.0,User_10416,72
10417.0,User_10417,66
10418.0,User_10418,16
10419.0,User_10419,56
10420.0,User_10420,51
10421.0,User_10421,58
10422.0,User_10422,58
10423.0,User_10423,44
10424.0,User_10424,53
10425.0,User_10425,76
10426.0,User_10426,12
10427.0,User_10427,14
10428.0,User_10428,82
10429.0,User_10429,86
10430.0,User_10430,31
10431.0,User_10431,88
10432.0,User_10432,57
10433.0,User_10433,32
10434.0,User_10434,78
10435.0,User_10435,72
10436.0,User_10436,15
10437.0,User_10437,43
10438.0,User_10438,74
10439.0,User_10439,63
10440.0,User_10440,79
10441.0,User_10441,41
10442.0,User_10442,76
10443.0,User_10443,35
10444.0,User_10444,80
10445.0,User_10445,77
10446.0,User_10446,87
10447.0,User_10447,86
10448.0,User_10448,52
10449.0,User_10449,62
10450.0,User_10450,37
10451.0,User_10451,57
10452.0,User_10452,42
10453.0,User_10453,94
10454.0,User_10454,46
10455.0,User_10455,88
10456.0,User_10456,71
10457.0,User_10457,42
10458.0,User_10458,59
10459.0,User_10459,77
10460.0,User_10460,85
10461.0,User_10461,70
10462.0,User_10462,65
10463.0,User_10463,84
10464.0,User_10464,28
10465.0,User_10465,78
10466.0,User_10466,92
10467.0,User_10467,40
10468.0,User_10468,58
10469.0,User_10469,92
10470.0,User_10470,30
10471.0,User_10471,15
10472.0,User_10472,19
10473.0,User_10473,88
10474.0,User_10474,18
10475.0,User_10475,70
10476.0,User_10476,60
10477.0,User_10477,87
10478.0,User_10478,79
10479.0,User_10479,32
10480.0,User_10480,51
10481.0,User_10481,55
10482.0,User_10482,38
10483.0,User_10483,62
10484.0,User_10484,61
10485.0,User_10485,76
10486.0,User_10486,87
10487.0,User_10487,76
10488.0,User_10488,82
10489.0,User_10489,71
10490.0,User_10490,59
10491.0,User_10491,48
10492.0,User_10492,21
10493.0,User_10493,55
10494.0,User_10494,52
10495.0,User_10495,63
10496.0,User_10496,51
10497.0,User_10497,23
10498.0,User_10498,87
10499.0,User_10499,16
10500.0,User_10500,59
10501.0,User_10501,19
10502.0,User_10502,84
10503.0,User_10503,65
10504.0,User_10504,22
10505.0,User_10505,64
10506.0,User_10506,35
10507.0,User_10507,57
10508.0,User_10508,43
10509.0,User_10509,17
10510.0,User_10510,70
10511.0,User_10511,40
10512.0,User_10512,40
10513.0,User_10513,63
10514.0,User_10514,46
10515.0,User_10515,25
10516.0,User_10516,46
10517.0,User_10517,43
10518.0,User_10518,93
10519.0,User_10519,19
10520.0,User_10520,86
10521.0,User_10521,74
10522.0,User_10522,88
10523.0,User_10523,69
10524.0,User_10524,93
10525.0,User_10525,82
10526.0,User_10526,28
10527.0,User_10527,80
10528.0,User_10528,29
10529.0,User_10529,58
10530.0,User_10530,14
10531.0,User_10531,82
10532.0,User_10532,56
10533.0,User_10533,73
10534.0,User_10534,17
10535.0,User_10535,62
10536.0,User_10536,40
10537.0,User_10537,26
10538.0,User_10538,65
10539.0,User_10539,88
10540.0,User_10540,44
10541.0,User_10541,60
10542.0,User_10542,57
10543.0,User_10543,57
10544.0,User_10544,26
10545.0,User_10545,37
10546.0,User_10546,19
10547.0,User_10547,56
10548.0,User_10548,84
10549.0,User_10549,27
10550.0,User_10550,73
10551.0,User_10551,79
10552.0,User_10552,13
10553.0,User_10553,69
10554.0,User_10554,20
10555.0,User_10555,37
10556.0,User_10556,60
10557.0,User_10557,20
10558.0,User_10558,36
10559.0,User_10559,63
10560.0,User_10560,63
10561.0,User_10561,14
10562.0,User_10562,40
10563.0,User_10563,13
10564.0,User_10564,74
10565.0,User_10565,68
10566.0,User_10566,36
10567.0,User_10567,10
10568.0,User_10568,87
10569.0,User_10569,27
10570.0,User_10570,27
10571.0,User_10571,84
10572.0,User_10572,51
10573.0,User_10573,25
10574.0,User_10574,40
10575.0,User_10575,40
10576.0,User_10576,11
10577.0,User_10577,39
10578.0,User_10578,32
10579.0,User_10579,75
10580.0,User_10580,13
10581.0,User_10581,58
10582.0,User_10582,30
10583.0,User_10583,50
10584.0,User_10584,94
10585.0,User_10585,42
10586.0,User_10586,56
10587.0,User_10587,14
10588.0,User_10588,84
10589.0,User_10589,64
10590.0,User_10590,31
10591.0,User_10591,31
10592.0,User_10592,73
10593.0,User_10593,49
10594.0,User_10594,88
10595.0,User_10595,90
10596.0,User_10596,40
10597.0,User_10597,13
10598.0,User_10598,58
10599.0,User_10599,92
10600.0,User_10600,39
10601.0,User_10601,71
10602.0,User_10602,50
10603.0,User_10603,86
10604.0,User_10604,87
10605.0,User_10605,19
10606.0,User_10606,31
10607.0,User_10607,77
10608.0,User_10608,22
10609.0,User_10609,50
10610.0,User_10610,35
10611.0,User_10611,23
10612.0,User_10612,62
10613.0,User_10613,14
10614.0,User_10614,11
10615.0,User_10615,64
10616.0,User_10616,19
10617.0,User_10617,55
10618.0,User_10618,27
10619.0,User_10619,12
10620.0,User_10620,81
10621.0,User_10621,12
10622.0,User_10622,30
10623.0,User_10623,62
10624.0,User_10624,81
10625.0,User_10625,59
10626.0,User_10626,38
10627.0,User_10627,58
10628.0,User_10628,12
10629.0,User_10629,91
10630.0,User_10630,38
10631.0,User_10631,45
10632.0,User_10632,50
10633.0,User_10633,46
10634.0,User_10634,91
10635.0,User_10635,40
10636.0,User_10636,78
10637.0,User_10637,25
10638.0,User_10638,93
10639.0,User_10639,49
10640.0,User_10640,17
10641.0,User_10641,19
10642.0,User_10642,81
10643.0,User_10643,46
10644.0,User_10644,75
10645.0,User_10645,51
10646.0,User_10646,60
10647.0,User_10647,33
10648.0,User_10648,43
10649.0,User_10649,91
10650.0,User_10650,70
10651.0,User_10651,34
10652.0,User_10652,37
10653.0,User_10653,58
10654.0,User_10654,15
10655.0,User_10655,73
10656.0,User_10656,86
10657.0,User_10657,45
10658.0,User_10658,70
10659.0,User_10659,24
10660.0,User_10660,12
10661.0,User_10661,19
10662.0,User_10662,20
10663.0,User_10663,68
10664.0,User_10664,63
10665.0,User_10665,45
10666.0,User_10666,88
10667.0,User_10667,52
10668.0,User_10668,24
10669.0,User_10669,83
10670.0,User_10670,25
10671.0,User_10671,68
10672.0,User_10672,22
10673.0,User_10673,56
10674.0,User_10674,68
10675.0,User_10675,53
10676.0,User_10676,43
10677.0,User_10677,46
10678.0,User_10678,36
10679.0,User_10679,82
10680.0,User_10680,35
10681.0,User_10681,52
10682.0,User_10682,84
10683.0,User_10683,46
10684.0,User_10684,37
10685.0,User_10685,43
10686.0,User_10686,68
10687.0,User_10687,42
10688.0,User_10688,64
10689.0,User_10689,71
10690.0,User_10690,32
10691.0,User_10691,76
10692.0,User_10692,50
10693.0,User_10693,49
10694.0,User_10694,41
10695.0,User_10695,67
10696.0,User_10696,51
10697.0,User_10697,88
10698.0,User_10698,36
10699.0,User_10699,37
10700.0,User_10700,42
10701.0,User_10701,10
10702.0,User_10702,30
10703.0,User_10703,27
10704.0,User_10704,75
10705.0,User_10705,33
10706.0,User_10706,34
10707.0,User_10707,16
10708.0,User_10708,37
10709.0,User_10709,26
10710.0,User_10710,22
10711.0,User_10711,51
10712.0,User_10712,21
10713.0,User_10713,62
10714.0,User_10714,32
10715.0,User_10715,54
10716.0,User_10716,41
10717.0,User_10717,82
10718.0,User_10718,29
10719.0,User_10719,87
10720.0,User_10720,38
10721.0,User_10721,13
10722.0,User_10722,16
10723.0,User_10723,57
10724.0,User_10724,42
10725.0,User_10725,86
10726.0,User_10726,24
10727.0,User_10727,88
10728.0,User_10728,92
10729.0,User_10729,63
10730.0,User_10730,71
10731.0,User_10731,52
10732.0,User_10732,48
10733.0,User_10733,89
10734.0,User_10734,10
10735.0,User_10735,39
10736.0,User_10736,60
10737.0,User_10737,40
10738.0,User_10738,25
10739.0,User_10739,20
10740.0,User_10740,50
10741.0,User_10741,24
10742.0,User_10742,75
10743.0,User_10743,58
10744.0,User_10744,79
10745.0,User_10745,53
10746.0,User_10746,66
10747.0,User_10747,15
10748.0,User_10748,82
10749.0,User_10749,40
10750.0,User_10750,84
10751.0,User_10751,14
10752.0,User_10752,53
10753.0,User_10753,65
10754.0,User_10754,71
10755.0,User_10755,22
10756.0,User_10756,47
10757.0,User_10757,89
10758.0,User_10758,23
10759.0,User_10759,95
10760.0,User_10760,66
10761.0,User_10761,36
10762.0,User_10762,22
10763.0,User_10763,86
10764.0,User_10764,32
10765.0,User_10765,53
10766.0,User_10766,53
10767.0,User_10767,44
10768.0,User_10768,64
10769.0,User_10769,65
10770.0,User_10770,30
10771.0,User_10771,20
10772.0,User_10772,21
10773.0,User_10773,63
10774.0,User_10774,19
10775.0,User_10775,50
10776.0,User_10776,16
10777.0,User_10777,29
10778.0,User_10778,63
10779.0,User_10779,53
10780.0,User_10780,23
10781.0,User_10781,38
10782.0,User_10782,53
10783.0,User_10783,52
10784.0,User_10784,56
10785.0,User_10785,13
10786.0,User_10786,37
10787.0,User_10787,14
10788.0,User_10788,90
10789.0,User_10789,39
10790.0,User_10790,71
10791.0,User_10791,71
10792.0,User_10792,83
10793.0,User_10793,26
10794.0,User_10794,55
10795.0,User_10795,83
10796.0,User_10796,94
10797.0,User_10797,90
10798.0,User_10798,36
10799.0,User_10799,93
10800.0,User_10800,33
10801.0,User_10801,15
10802.0,User_10802,75
10803.0,User_10803,43
10804.0,User_10804,80
10805.0,User_10805,28
10806.0,User_10806,58
10807.0,User_10807,82
10808.0,User_10808,58
10809.0,User_10809,34
10810.0,User_10810,16
10811.0,User_10811,34
10812.0,User_10812,11
10813.0,User_10813,19
10814.0,User_10814,60
10815.0,User_10815,87
10816.0,User_10816,49
10817.0,User_10817,25
10818.0,User_10818,89
10819.0,User_10819,46
10820.0,User_10820,42
10821.0,User_10821,13
10822.0,User_10822,93
10823.0,User_10823,63
10824.0,User_10824,67
10825.0,User_10825,69
10826.0,User_10826,89
10827.0,User_10827,13
10828.0,User_10828,15
10829.0,User_10829,79
10830.0,User_10830,57
10831.0,User_10831,63
10832.0,User_10832,78
10833.0,User_10833,87
10834.0,User_10834,12
10835.0,User_10835,62
10836.0,User_10836,22
10837.0,User_10837,78
10838.0,User_10838,38
10839.0,User_10839,62
10840.0,User_10840,22
10841.0,User_10841,52
10842.0,User_10842,83
10843.0,User_10843,37
10844.0,User_10844,62
10845.0,User_10845,14
10846.0,User_10846,66
10847.0,User_10847,36
10848.0,User_10848,49
10849.0,User_10849,88
10850.0,User_10850,28
10851.0,User_10851,84
10852.0,User_10852,65
10853.0,User_10853,34
10854.0,User_10854,20
10855.0,User_10855,89
10856.0,User_10856,18
10857.0,User_10857,77
10858.0,User_10858,84
10859.0,User_10859,69
10860.0,User_10860,29
10861.0,User_10861,44
10862.0,User_10862,37
10863.0,User_10863,86
10864.0,User_10864,94
10865.0,User_10865,32
10866.0,User_10866,57
10867.0,User_10867,19
10868.0,User_10868,91
10869.0,User_10869,22
10870.0,User_10870,50
10871.0,User_10871,57
10872.0,User_10872,10
10873.0,User_10873,57
10874.0,User_10874,10
10875.0,User_10875,40
10876.0,User_10876,89
10877.0,User_10877,91
10878.0,User_10878,72
10879.0,User_10879,78
10880.0,User_10880,12
10881.0,User_10881,11
10882.0,User_10882,69
10883.0,User_10883,16
10884.0,User_10884,52
10885.0,User_10885,54
10886.0,User_10886,45
10887.0,User_10887,71
10888.0,User_10888,21
10889.0,User_10889,92
10890.0,User_10890,18
10891.0,User_10891,93
10892.0,User_10892,78
10893.0,User_10893,89
10894.0,User_10894,74
10895.0,User_10895,69
10896.0,User_10896,65
10897.0,User_10897,86
10898.0,User_10898,82
10899.0,User_10899,40
10900.0,User_10900,89
10901.0,User_10901,11
10902.0,User_10902,36
10903.0,User_10903,85
10904.0,User_10904,68
10905.0,User_10905,84
10906.0,User_10906,21
10907.0,User_10907,43
10908.0,User_10908,68
10909.0,User_10909,86
10910.0,User_10910,19
10911.0,User_10911,82
10912.0,User_10912,60
10913.0,User_10913,20
10914.0,User_10914,12
10915.0,User_10915,89
10916.0,User_10916,86
10917.0,User_10917,13
10918.0,User_10918,76
10919.0,User_10919,88
10920.0,User_10920,25
10921.0,User_10921,53
10922.0,User_10922,10
10923.0,User_10923,74
10924.0,User_10924,41
10925.0,User_10925,70
10926.0,User_10926,75
10927.0,User_10927,21
10928.0,User_10928,24
10929.0,User_10929,43
10930.0,User_10930,65
10931.0,User_10931,58
10932.0,User_10932,90
10933.0,User_10933,95
10934.0,User_10934,55
10935.0,User_10935,14
10936.0,User_10936,31
10937.0,User_10937,31
10938.0,User_10938,82
10939.0,User_10939,46
10940.0,User_10940,71
10941.0,User_10941,33
10942.0,User_10942,72
10943.0,User_10943,28
10944.0,User_10944,80
10945.0,User_10945,23
10946.0,User_10946,79
10947.0,User_10947,75
10948.0,User_10948,42
10949.0,User_10949,24
10950.0,User_10950,54
10951.0,User_10951,53
10952.0,User_10952,33
10953.0,User_10953,26
10954.0,User_10954,50
10955.0,User_10955,21
10956.0,User_10956,37
10957.0,User_10957,77
10958.0,User_10958,82
10959.0,User_10959,23
10960.0,User_10960,44
10961.0,User_10961,52
10962.0,User_10962,29
10963.0,User_10963,72
10964.0,User_10964,29
10965.0,User_10965,61
10966.0,User_10966,89
10967.0,User_10967,10
10968.0,User_10968,77
10969.0,User_10969,10
10970.0,User_10970,89
10971.0,User_10971,37
10972.0,User_10972,25
10973.0,User_10973,93
10974.0,User_10974,51
10975.0,User_10975,55
10976.0,User_10976,73
10977.0,User_10977,83
10978.0,User_10978,95
10979.0,User_10979,62
10980.0,User_10980,61
10981.0,User_10981,22
10982.0,User_10982,75
10983.0,User_10983,95
10984.0,User_10984,39
10985.0,User_10985,52
10986.0,User_10986,17
10987.0,User_10987,36
10988.0,User_10988,40
10989.0,User_10989,91
10990.0,User_10990,40
10991.0,User_10991,67
10992.0,User_10992,50
10993.0,User_10993,84
10994.0,User_10994,66
10995.0,User_10995,59
10996.0,User_10996,84
10997.0,User_10997,33
10998.0,User_10998,11
10999.0,User_10999,84
11000.0,User_11000,53
11001.0,User_11001,81
11002.0,User_11002,63
11003.0,User_11003,62
11004.0,User_11004,80
11005.0,User_11005,91
11006.0,User_11006,88
11007.0,User_11007,17
11008.0,User_11008,88
11009.0,User_11009,55
11010.0,User_11010,93
11011.0,User_11011,25
11012.0,User_11012,86
11013.0,User_11013,86
11014.0,User_11014,85
11015.0,User_11015,93
11016.0,User_11016,23
11017.0,User_11017,34
11018.0,User_11018,38
11019.0,User_11019,31
11020.0,User_11020,45
11021.0,User_11021,49
11022.0,User_11022,46
11023.0,User_11023,61
11024.0,User_11024,17
11025.0,User_11025,57
11026.0,User_11026,30
11027.0,User_11027,87
11028.0,User_11028,80
11029.0,User_11029,23
11030.0,User_11030,69
11031.0,User_11031,18
11032.0,User_11032,52
11033.0,User_11033,15
11034.0,User_11034,17
11035.0,User_11035,65
11036.0,User_11036,40
11037.0,User_11037,14
11038.0,User_11038,34
11039.0,User_11039,69
11040.0,User_11040,19
11041.0,User_11041,75
11042.0,User_11042,24
11043.0,User_11043,26
11044.0,User_11044,29
11045.0,User_11045,24
11046.0,User_11046,43
11047.0,User_11047,16
11048.0,User_11048,34
11049.0,User_11049,34
11050.0,User_11050,44
11051.0,User_11051,26
11052.0,User_11052,22
11053.0,User_11053,69
11054.0,User_11054,93
11055.0,User_11055,34
11056.0,User_11056,89
11057.0,User_11057,15
11058.0,User_11058,67
11059.0,User_11059,34
11060.0,User_11060,39
11061.0,User_11061,86
11062.0,User_11062,84
11063.0,User_11063,44
11064.0,User_11064,67
11065.0,User_11065,48
11066.0,User_11066,56
11067.0,User_11067,29
11068.0,User_11068,95
11069.0,User_11069,50
11070.0,User_11070,10
11071.0,User_11071,76
11072.0,User_11072,55
11073.0,User_11073,23
11074.0,User_11074,31
11075.0,User_11075,69
11076.0,User_11076,56
11077.0,User_11077,61
11078.0,User_11078,41
11079.0,User_11079,40
11080.0,User_11080,85
11081.0,User_11081,65
11082.0,User_11082,65
11083.0,User_11083,47
11084.0,User_11084,20
11085.0,User_11085,48
11086.0,User_11086,55
11087.0,User_11087,77
11088.0,User_11088,90
11089.0,User_11089,38
11090.0,User_11090,16
11091.0,User_11091,51
11092.0,User_11092,85
11093.0,User_11093,11
11094.0,User_11094,64
11095.0,User_11095,52
11096.0,User_11096,13
11097.0,User_11097,43
11098.0,User_11098,36
11099.0,User_11099,92
11100.0,User_11100,59
11101.0,User_11101,24
11102.0,User_11102,85
11103.0,User_11103,88
11104.0,User_11104,47
11105.0,User_11105,59
11106.0,User_11106,50
11107.0,User_11107,35
11108.0,User_11108,21
11109.0,User_11109,55
11110.0,User_11110,48
11111.0,User_11111,23
11112.0,User_11112,44
11113.0,User_11113,19
11114.0,User_11114,67
11115.0,User_11115,68
11116.0,User_11116,16
11117.0,User_11117,20
11118.0,User_11118,11
11119.0,User_11119,33
11120.0,User_11120,69
11121.0,User_11121,78
11122.0,User_11122,74
11123.0,User_11123,70
11124.0,User_11124,60
11125.0,User_11125,58
11126.0,User_11126,64
11127.0,User_11127,34
11128.0,User_11128,67
11129.0,User_11129,49
11130.0,User_11130,94
11131.0,User_11131,35
11132.0,User_11132,63
11133.0,User_11133,42
11134.0,User_11134,13
11135.0,User_11135,33
11136.0,User_11136,18
11137.0,User_11137,20
11138.0,User_11138,27
11139.0,User_11139,93
11140.0,User_11140,73
11141.0,User_11141,25
11142.0,User_11142,19
11143.0,User_11143,69
11144.0,User_11144,39
11145.0,User_11145,53
11146.0,User_11146,71
11147.0,User_11147,16
11148.0,User_11148,43
11149.0,User_11149,64
11150.0,User_11150,68
11151.0,User_11151,14
11152.0,User_11152,26
11153.0,User_11153,27
11154.0,User_11154,32
11155.0,User_11155,50
11156.0,User_11156,51
11157.0,User_11157,63
11158.0,User_11158,61
11159.0,User_11159,66
11160.0,User_11160,52
11161.0,User_11161,65
11162.0,User_11162,51
11163.0,User_11163,35
11164.0,User_11164,46
11165.0,User_11165,84
11166.0,User_11166,50
11167.0,User_11167,37
11168.0,User_11168,11
11169.0,User_11169,49
11170.0,User_11170,68
11171.0,User_11171,10
11172.0,User_11172,59
11173.0,User_11173,27
11174.0,User_11174,77
11175.0,User_11175,32
11176.0,User_11176,66
11177.0,User_11177,30
11178.0,User_11178,31
11179.0,User_11179,33
11180.0,User_11180,13
11181.0,User_11181,12
11182.0,User_11182,50
11183.0,User_11183,25
11184.0,User_11184,20
11185.0,User_11185,51
11186.0,User_11186,42
11187.0,User_11187,86
11188.0,User_11188,27
11189.0,User_11189,28
11190.0,User_11190,51
11191.0,User_11191,92
11192.0,User_11192,82
11193.0,User_11193,56
11194.0,User_11194,33
11195.0,User_11195,78
11196.0,User_11196,36
11197.0,User_11197,66
11198.0,User_11198,30
11199.0,User_11199,41
11200.0,User_11200,12
11201.0,User_11201,48
11202.0,User_11202,80
11203.0,User_11203,16
11204.0,User_11204,22
11205.0,User_11205,29
11206.0,User_11206,36
11207.0,User_11207,62
11208.0,User_11208,79
11209.0,User_11209,48
11210.0,User_11210,47
11211.0,User_11211,15
11212.0,User_11212,80
11213.0,User_11213,12
11214.0,User_11214,11
11215.0,User_11215,94
11216.0,User_11216,56
11217.0,User_11217,58
11218.0,User_11218,52
11219.0,User_11219,28
11220.0,User_11220,90
11221.0,User_11221,68
11222.0,User_11222,83
11223.0,User_11223,55
11224.0,User_11224,53
11225.0,User_11225,60
11226.0,User_11226,93
11227.0,User_11227,35
11228.0,User_11228,59
11229.0,User_11229,32
11230.0,User_11230,21
11231.0,User_11231,28
11232.0,User_11232,72
11233.0,User_11233,91
11234.0,User_11234,72
11235.0,User_11235,33
11236.0,User_11236,56
11237.0,User_11237,30
11238.0,User_11238,64
11239.0,User_11239,47
11240.0,User_11240,38
11241.0,User_11241,15
11242.0,User_11242,93
11243.0,User_11243,47
11244.0,User_11244,65
11245.0,User_11245,21
11246.0,User_11246,48
11247.0,User_11247,50
11248.0,User_11248,37
11249.0,User_11249,58
11250.0,User_11250,81
11251.0,User_11251,75
11252.0,User_11252,55
11253.0,User_11253,45
11254.0,User_11254,57
11255.0,User_11255,43
11256.0,User_11256,12
11257.0,User_11257,94
11258.0,User_11258,16
11259.0,User_11259,67
11260.0,User_11260,64
11261.0,User_11261,43
11262.0,User_11262,12
11263.0,User_11263,42
11264.0,User_11264,61
11265.0,User_11265,13
11266.0,User_11266,44
11267.0,User_11267,94
11268.0,User_11268,46
11269.0,User_11269,85
11270.0,User_11270,80
11271.0,User_11271,57
11272.0,User_11272,54
11273.0,User_11273,86
11274.0,User_11274,80
11275.0,User_11275,77
11276.0,User_11276,38
11277.0,User_11277,29
11278.0,User_11278,52
11279.0,User_11279,59
11280.0,User_11280,66
11281.0,User_11281,15
11282.0,User_11282,17
11283.0,User_11283,90
11284.0,User_11284,36
11285.0,User_11285,68
11286.0,User_11286,57
11287.0,User_11287,66
11288.0,User_11288,13
11289.0,User_11289,39
11290.0,User_11290,54
11291.0,User_11291,82
11292.0,User_11292,37
11293.0,User_11293,65
11294.0,User_11294,47
11295.0,User_11295,27
11296.0,User_11296,74
11297.0,User_11297,20
11298.0,User_11298,81
11299.0,User_11299,47
11300.0,User_11300,67
11301.0,User_11301,63
11302.0,User_11302,73
11303.0,User_11303,86
11304.0,User_11304,74
11305.0,User_11305,36
11306.0,User_11306,88
11307.0,User_11307,76
11308.0,User_11308,30
11309.0,User_11309,25
11310.0,User_11310,45
11311.0,User_11311,10
11312.0,User_11312,66
11313.0,User_11313,32
11314.0,User_11314,26
11315.0,User_11315,69
11316.0,User_11316,56
11317.0,User_11317,19
11318.0,User_11318,62
11319.0,User_11319,34
11320.0,User_11320,54
11321.0,User_11321,21
11322.0,User_11322,77
11323.0,User_11323,63
11324.0,User_11324,94
11325.0,User_11325,78
11326.0,User_11326,18
11327.0,User_11327,70
11328.0,User_11328,47
11329.0,User_11329,48
11330.0,User_11330,84
11331.0,User_11331,37
11332.0,User_11332,30
11333.0,User_11333,41
11334.0,User_11334,72
11335.0,User_11335,89
11336.0,User_11336,33
11337.0,User_11337,44
11338.0,User_11338,30
11339.0,User_11339,86
11340.0,User_11340,57
11341.0,User_11341,17
11342.0,User_11342,36
11343.0,User_11343,50
11344.0,User_11344,82
11345.0,User_11345,73
11346.0,User_11346,83
11347.0,User_11347,71
11348.0,User_11348,52
11349.0,User_11349,12
11350.0,User_11350,23
11351.0,User_11351,30
11352.0,User_11352,64
11353.0,User_11353,87
11354.0,User_11354,15
11355.0,User_11355,47
11356.0,User_11356,24
11357.0,User_11357,25
11358.0,User_11358,34
11359.0,User_11359,55
11360.0,User_11360,51
11361.0,User_11361,57
11362.0,User_11362,86
11363.0,User_11363,73
11364.0,User_11364,17
11365.0,User_11365,84
11366.0,User_11366,54
11367.0,User_11367,15
11368.0,User_11368,53
11369.0,User_11369,75
11370.0,User_11370,69
11371.0,User_11371,93
11372.0,User_11372,78
11373.0,User_11373,20
11374.0,User_11374,64
11375.0,User_11375,49
11376.0,User_11376,36
11377.0,User_11377,91
11378.0,User_11378,74
11379.0,User_11379,67
11380.0,User_11380,36
11381.0,User_11381,60
11382.0,User_11382,85
11383.0,User_11383,62
11384.0,User_11384,49
11385.0,User_11385,47
11386.0,User_11386,10
11387.0,User_11387,74
11388.0,User_11388,65
11389.0,User_11389,59
11390.0,User_11390,16
11391.0,User_11391,71
11392.0,User_11392,70
11393.0,User_11393,31
11394.0,User_11394,61
11395.0,User_11395,51
11396.0,User_11396,14
11397.0,User_11397,30
11398.0,User_11398,54
11399.0,User_11399,86
11400.0,User_11400,29
11401.0,User_11401,25
11402.0,User_11402,31
11403.0,User_11403,15
11404.0,User_11404,94
11405.0,User_11405,77
11406.0,User_11406,45
11407.0,User_11407,69
11408.0,User_11408,10
11409.0,User_11409,62
11410.0,User_11410,35
11411.0,User_11411,19
11412.0,User_11412,29
11413.0,User_11413,38
11414.0,User_11414,39
11415.0,User_11415,16
11416.0,User_11416,93
11417.0,User_11417,32
11418.0,User_11418,59
11419.0,User_11419,75
11420.0,User_11420,56
11421.0,User_11421,37
11422.0,User_11422,74
11423.0,User_11423,17
11424.0,User_11424,93
11425.0,User_11425,40
11426.0,User_11426,42
11427.0,User_11427,51
11428.0,User_11428,68
11429.0,User_11429,54
11430.0,User_11430,29
11431.0,User_11431,24
11432.0,User_11432,82
11433.0,User_11433,19
11434.0,User_11434,37
11435.0,User_11435,13
11436.0,User_11436,58
11437.0,User_11437,51
11438.0,User_11438,30
11439.0,User_11439,29
11440.0,User_11440,94
11441.0,User_11441,92
11442.0,User_11442,70
11443.0,User_11443,19
11444.0,User_11444,53
11445.0,User_11445,87
11446.0,User_11446,17
11447.0,User_11447,86
11448.0,User_11448,95
11449.0,User_11449,28
11450.0,User_11450,39
11451.0,User_11451,22
11452.0,User_11452,89
11453.0,User_11453,49
11454.0,User_11454,59
11455.0,User_11455,78
11456.0,User_11456,29
11457.0,User_11457,30
11458.0,User_11458,32
11459.0,User_11459,33
11460.0,User_11460,41
11461.0,User_11461,80
11462.0,User_11462,15
11463.0,User_11463,90
11464.0,User_11464,72
11465.0,User_11465,91
11466.0,User_11466,93
11467.0,User_11467,64
11468.0,User_11468,89
11469.0,User_11469,84
11470.0,User_11470,45
11471.0,User_11471,20
11472.0,User_11472,43
11473.0,User_11473,22
11474.0,User_11474,72
11475.0,User_11475,51
11476.0,User_11476,72
11477.0,User_11477,23
11478.0,User_11478,87
11479.0,User_11479,44
11480.0,User_11480,57
11481.0,User_11481,11
11482.0,User_11482,21
11483.0,User_11483,53
11484.0,User_11484,55
11485.0,User_11485,87
11486.0,User_11486,83
11487.0,User_11487,89
11488.0,User_11488,24
11489.0,User_11489,90
11490.0,User_11490,46
11491.0,User_11491,92
11492.0,User_11492,92
11493.0,User_11493,28
11494.0,User_11494,65
11495.0,User_11495,33
11496.0,User_11496,10
11497.0,User_11497,42
11498.0,User_11498,85
11499.0,User_11499,91
11500.0,User_11500,27
11501.0,User_11501,91
11502.0,User_11502,18
11503.0,User_11503,33
11504.0,User_11504,18
11505.0,User_11505,26
11506.0,User_11506,56
11507.0,User_11507,44
11508.0,User_11508,60
11509.0,User_11509,74
11510.0,User_11510,42
11511.0,User_11511,37
11512.0,User_11512,54
11513.0,User_11513,65
11514.0,User_11514,74
11515.0,User_11515,21
11516.0,User_11516,40
11517.0,User_11517,54
11518.0,User_11518,63
11519.0,User_11519,38
11520.0,User_11520,22
11521.0,User_11521,90
11522.0,User_11522,18
11523.0,User_11523,29
11524.0,User_11524,33
11525.0,User_11525,61
11526.0,User_11526,15
11527.0,User_11527,83
11528.0,User_11528,11
11529.0,User_11529,42
11530.0,User_11530,16
11531.0,User_11531,73
11532.0,User_11532,74
11533.0,User_11533,17
11534.0,User_11534,31
11535.0,User_11535,64
11536.0,User_11536,95
11537.0,User_11537,54
11538.0,User_11538,94
11539.0,User_11539,69
11540.0,User_11540,23
11541.0,User_11541,33
11542.0,User_11542,56
11543.0,User_11543,34
11544.0,User_11544,24
11545.0,User_11545,94
11546.0,User_11546,46
11547.0,User_11547,43
11548.0,User_11548,18
11549.0,User_11549,11
11550.0,User_11550,66
11551.0,User_11551,26
11552.0,User_11552,67
11553.0,User_11553,81
11554.0,User_11554,66
11555.0,User_11555,37
11556.0,User_11556,35
11557.0,User_11557,32
11558.0,User_11558,26
11559.0,User_11559,25
11560.0,User_11560,17
11561.0,User_11561,16
11562.0,User_11562,75
11563.0,User_11563,90
11564.0,User_11564,65
11565.0,User_11565,59
11566.0,User_11566,53
11567.0,User_11567,38
11568.0,User_11568,32
11569.0,User_11569,74
11570.0,User_11570,75
11571.0,User_11571,48
11572.0,User_11572,76
11573.0,User_11573,16
11574.0,User_11574,43
11575.0,User_11575,25
11576.0,User_11576,15
11577.0,User_11577,14
11578.0,User_11578,26
11579.0,User_11579,32
11580.0,User_11580,80
11581.0,User_11581,84
11582.0,User_11582,29
11583.0,User_11583,82
11584.0,User_11584,32
11585.0,User_11585,95
11586.0,User_11586,34
11587.0,User_11587,19
11588.0,User_11588,13
11589.0,User_11589,11
11590.0,User_11590,56
11591.0,User_11591,43
11592.0,User_11592,78
11593.0,User_11593,77
11594.0,User_11594,62
11595.0,User_11595,62
11596.0,User_11596,89
11597.0,User_11597,79
11598.0,User_11598,10
11599.0,User_11599,11
11600.0,User_11600,33
11601.0,User_11601,42
11602.0,User_11602,69
11603.0,User_11603,61
11604.0,User_11604,70
11605.0,User_11605,20
11606.0,User_11606,31
11607.0,User_11607,54
11608.0,User_11608,43
11609.0,User_11609,68
11610.0,User_11610,73
11611.0,User_11611,61
11612.0,User_11612,51
11613.0,User_11613,62
11614.0,User_11614,32
11615.0,User_11615,52
11616.0,User_11616,22
11617.0,User_11617,49
11618.0,User_11618,59
11619.0,User_11619,24
11620.0,User_11620,61
11621.0,User_11621,59
11622.0,User_11622,26
11623.0,User_11623,13
11624.0,User_11624,79
11625.0,User_11625,65
11626.0,User_11626,77
11627.0,User_11627,60
11628.0,User_11628,55
11629.0,User_11629,84
11630.0,User_11630,22
11631.0,User_11631,41
11632.0,User_11632,89
11633.0,User_11633,43
11634.0,User_11634,59
11635.0,User_11635,62
11636.0,User_11636,88
11637.0,User_11637,57
11638.0,User_11638,27
11639.0,User_11639,47
11640.0,User_11640,13
11641.0,User_11641,59
11642.0,User_11642,87
11643.0,User_11643,20
11644.0,User_11644,59
11645.0,User_11645,13
11646.0,User_11646,11
11647.0,User_11647,36
11648.0,User_11648,64
11649.0,User_11649,66
11650.0,User_11650,57
11651.0,User_11651,35
11652.0,User_11652,82
11653.0,User_11653,16
11654.0,User_11654,64
11655.0,User_11655,41
11656.0,User_11656,55
11657.0,User_11657,78
11658.0,User_11658,84
11659.0,User_11659,90
11660.0,User_11660,75
11661.0,User_11661,47
11662.0,User_11662,70
11663.0,User_11663,34
11664.0,User_11664,94
11665.0,User_11665,81
11666.0,User_11666,31
11667.0,User_11667,10
11668.0,User_11668,90
11669.0,User_11669,29
11670.0,User_11670,82
11671.0,User_11671,46
11672.0,User_11672,51
11673.0,User_11673,15
11674.0,User_11674,70
11675.0,User_11675,70
11676.0,User_11676,10
11677.0,User_11677,94
11678.0,User_11678,44
11679.0,User_11679,24
11680.0,User_11680,33
11681.0,User_11681,63
11682.0,User_11682,56
11683.0,User_11683,11
11684.0,User_11684,57
11685.0,User_11685,77
11686.0,User_11686,25
11687.0,User_11687,74
11688.0,User_11688,38
11689.0,User_11689,62
11690.0,User_11690,44
11691.0,User_11691,66
11692.0,User_11692,23
11693.0,User_11693,45
11694.0,User_11694,42
11695.0,User_11695,86
11696.0,User_11696,56
11697.0,User_11697,18
11698.0,User_11698,35
11699.0,User_11699,51
11700.0,User_11700,68
11701.0,User_11701,61
11702.0,User_11702,51
11703.0,User_11703,76
11704.0,User_11704,90
11705.0,User_11705,20
11706.0,User_11706,22
11707.0,User_11707,74
11708.0,User_11708,57
11709.0,User_11709,66
11710.0,User_11710,75
11711.0,User_11711,67
11712.0,User_11712,26
11713.0,User_11713,44
11714.0,User_11714,65
11715.0,User_11715,92
11716.0,User_11716,78
11717.0,User_11717,63
11718.0,User_11718,88
11719.0,User_11719,22
11720.0,User_11720,67
11721.0,User_11721,19
11722.0,User_11722,61
11723.0,User_11723,82
11724.0,User_11724,32
11725.0,User_11725,45
11726.0,User_11726,17
11727.0,User_11727,21
11728.0,User_11728,59
11729.0,User_11729,30
11730.0,User_11730,37
11731.0,User_11731,11
11732.0,User_11732,49
11733.0,User_11733,87
11734.0,User_11734,50
11735.0,User_11735,75
11736.0,User_11736,14
11737.0,User_11737,40
11738.0,User_11738,75
11739.0,User_11739,22
11740.0,User_11740,67
11741.0,User_11741,57
11742.0,User_11742,77
11743.0,User_11743,15
11744.0,User_11744,11
11745.0,User_11745,70
11746.0,User_11746,23
11747.0,User_11747,36
11748.0,User_11748,92
11749.0,User_11749,66
11750.0,User_11750,56
11751.0,User_11751,88
11752.0,User_11752,49
11753.0,User_11753,20
11754.0,User_11754,76
11755.0,User_11755,22
11756.0,User_11756,84
11757.0,User_11757,85
11758.0,User_11758,32
11759.0,User_11759,10
11760.0,User_11760,13
11761.0,User_11761,79
11762.0,User_11762,45
11763.0,User_11763,22
11764.0,User_11764,58
11765.0,User_11765,40
11766.0,User_11766,92
11767.0,User_11767,13
11768.0,User_11768,57
11769.0,User_11769,38
11770.0,User_11770,47
11771.0,User_11771,11
11772.0,User_11772,23
11773.0,User_11773,43
11774.0,User_11774,16
11775.0,User_11775,13
11776.0,User_11776,91
11777.0,User_11777,13
11778.0,User_11778,19
11779.0,User_11779,81
11780.0,User_11780,76
11781.0,User_11781,71
11782.0,User_11782,39
11783.0,User_11783,76
11784.0,User_11784,76
11785.0,User_11785,60
11786.0,User_11786,59
11787.0,User_11787,19
11788.0,User_11788,59
11789.0,User_11789,40
11790.0,User_11790,71
11791.0,User_11791,31
11792.0,User_11792,33
11793.0,User_11793,93
11794.0,User_11794,23
11795.0,User_11795,15
11796.0,User_11796,85
11797.0,User_11797,56
11798.0,User_11798,40
11799.0,User_11799,12
11800.0,User_11800,13
11801.0,User_11801,86
11802.0,User_11802,60
11803.0,User_11803,85
11804.0,User_11804,49
11805.0,User_11805,67
11806.0,User_11806,37
11807.0,User_11807,43
11808.0,User_11808,33
11809.0,User_11809,94
11810.0,User_11810,14
11811.0,User_11811,48
11812.0,User_11812,51
11813.0,User_11813,24
11814.0,User_11814,72
11815.0,User_11815,90
11816.0,User_11816,10
11817.0,User_11817,48
11818.0,User_11818,88
11819.0,User_11819,29
11820.0,User_11820,62
11821.0,User_11821,55
11822.0,User_11822,27
11823.0,User_11823,47
11824.0,User_11824,65
11825.0,User_11825,70
11826.0,User_11826,36
11827.0,User_11827,72
11828.0,User_11828,64
11829.0,User_11829,45
11830.0,User_11830,90
11831.0,User_11831,63
11832.0,User_11832,13
11833.0,User_11833,45
11834.0,User_11834,76
11835.0,User_11835,92
11836.0,User_11836,30
11837.0,User_11837,15
11838.0,User_11838,18
11839.0,User_11839,50
11840.0,User_11840,89
11841.0,User_11841,79
11842.0,User_11842,69
11843.0,User_11843,76
11844.0,User_11844,59
11845.0,User_11845,20
11846.0,User_11846,36
11847.0,User_11847,22
11848.0,User_11848,53
11849.0,User_11849,58
11850.0,User_11850,51
11851.0,User_11851,45
11852.0,User_11852,79
11853.0,User_11853,78
11854.0,User_11854,75
11855.0,User_11855,86
11856.0,User_11856,66
11857.0,User_11857,84
11858.0,User_11858,39
11859.0,User_11859,59
11860.0,User_11860,73
11861.0,User_11861,77
11862.0,User_11862,27
11863.0,User_11863,10
11864.0,User_11864,64
11865.0,User_11865,48
11866.0,User_11866,13
11867.0,User_11867,60
11868.0,User_11868,55
11869.0,User_11869,76
11870.0,User_11870,56
11871.0,User_11871,12
11872.0,User_11872,85
11873.0,User_11873,92
11874.0,User_11874,28
11875.0,User_11875,38
11876.0,User_11876,18
11877.0,User_11877,17
11878.0,User_11878,82
11879.0,User_11879,72
11880.0,User_11880,53
11881.0,User_11881,29
11882.0,User_11882,72
11883.0,User_11883,34
11884.0,User_11884,81
11885.0,User_11885,85
11886.0,User_11886,93
11887.0,User_11887,63
11888.0,User_11888,91
11889.0,User_11889,23
11890.0,User_11890,34
11891.0,User_11891,94
11892.0,User_11892,58
11893.0,User_11893,93
11894.0,User_11894,33
11895.0,User_11895,15
11896.0,User_11896,46
11897.0,User_11897,83
11898.0,User_11898,64
11899.0,User_11899,92
11900.0,User_11900,19
11901.0,User_11901,90
11902.0,User_11902,35
11903.0,User_11903,79
11904.0,User_11904,83
11905.0,User_11905,35
11906.0,User_11906,91
11907.0,User_11907,63
11908.0,User_11908,74
11909.0,User_11909,68
11910.0,User_11910,65
11911.0,User_11911,75
11912.0,User_11912,71
11913.0,User_11913,20
11914.0,User_11914,88
11915.0,User_11915,51
11916.0,User_11916,42
11917.0,User_11917,93
11918.0,User_11918,56
11919.0,User_11919,10
11920.0,User_11920,19
11921.0,User_11921,84
11922.0,User_11922,80
11923.0,User_11923,92
11924.0,User_11924,75
11925.0,User_11925,26
11926.0,User_11926,65
11927.0,User_11927,19
11928.0,User_11928,48
11929.0,User_11929,52
11930.0,User_11930,78
11931.0,User_11931,49
11932.0,User_11932,78
11933.0,User_11933,32
11934.0,User_11934,48
11935.0,User_11935,20
11936.0,User_11936,18
11937.0,User_11937,33
11938.0,User_11938,30
11939.0,User_11939,21
11940.0,User_11940,73
11941.0,User_11941,55
11942.0,User_11942,13
11943.0,User_11943,34
11944.0,User_11944,62
11945.0,User_11945,77
11946.0,User_11946,75
11947.0,User_11947,51
11948.0,User_11948,12
11949.0,User_11949,35
11950.0,User_11950,31
11951.0,User_11951,33
11952.0,User_11952,10
11953.0,User_11953,45
11954.0,User_11954,47
11955.0,User_11955,27
11956.0,User_11956,64
11957.0,User_11957,62
11958.0,User_11958,74
11959.0,User_11959,28
11960.0,User_11960,12
11961.0,User_11961,73
11962.0,User_11962,87
11963.0,User_11963,29
11964.0,User_11964,57
11965.0,User_11965,81
11966.0,User_11966,36
11967.0,User_11967,29
11968.0,User_11968,63
11969.0,User_11969,95
11970.0,User_11970,64
11971.0,User_11971,65
11972.0,User_11972,37
11973.0,User_11973,51
11974.0,User_11974,90
11975.0,User_11975,82
11976.0,User_11976,51
11977.0,User_11977,21
11978.0,User_11978,49
11979.0,User_11979,47
11980.0,User_11980,12
11981.0,User_11981,38
11982.0,User_11982,38
11983.0,User_11983,82
11984.0,User_11984,65
11985.0,User_11985,29
11986.0,User_11986,35
11987.0,User_11987,84
11988.0,User_11988,61
11989.0,User_11989,69
11990.0,User_11990,48
11991.0,User_11991,41
11992.0,User_11992,45
11993.0,User_11993,63
11994.0,User_11994,29
11995.0,User_11995,92
11996.0,User_11996,26
11997.0,User_11997,51
11998.0,User_11998,34
11999.0,User_11999,67
12000.0,User_12000,56
